state_name,state_abbr,region,state_median_income,rs_state_median_income,income,vote
Connecticut,CT,Northeast,96,0.6099185603184892,-1,Trump
Connecticut,CT,Northeast,96,0.6099185603184892,0,Did not vote
Connecticut,CT,Northeast,96,0.6099185603184892,0,Did not vote
Connecticut,CT,Northeast,96,0.6099185603184892,0,Harris
Connecticut,CT,Northeast,96,0.6099185603184892,-1,Trump
Connecticut,CT,Northeast,96,0.6099185603184892,1,Trump
Connecticut,CT,Northeast,96,0.6099185603184892,0,Did not vote
Connecticut,CT,Northeast,96,0.6099185603184892,-2,Did not vote
Connecticut,CT,Northeast,96,0.6099185603184892,0,Trump
Connecticut,CT,Northeast,96,0.6099185603184892,1,Harris
Connecticut,CT,Northeast,96,0.6099185603184892,0,Harris
Connecticut,CT,Northeast,96,0.6099185603184892,0,Harris
Connecticut,CT,Northeast,96,0.6099185603184892,-2,Harris
Connecticut,CT,Northeast,96,0.6099185603184892,-1,Did not vote
Connecticut,CT,Northeast,96,0.6099185603184892,0,Harris
Connecticut,CT,Northeast,96,0.6099185603184892,-1,Harris
Connecticut,CT,Northeast,96,0.6099185603184892,1,Harris
Connecticut,CT,Northeast,96,0.6099185603184892,1,Harris
Connecticut,CT,Northeast,96,0.6099185603184892,0,Harris
Connecticut,CT,Northeast,96,0.6099185603184892,0,Did not vote
Connecticut,CT,Northeast,96,0.6099185603184892,0,Did not vote
Connecticut,CT,Northeast,96,0.6099185603184892,-1,Trump
Connecticut,CT,Northeast,96,0.6099185603184892,2,Harris
Connecticut,CT,Northeast,96,0.6099185603184892,-1,Did not vote
Connecticut,CT,Northeast,96,0.6099185603184892,0,Did not vote
Connecticut,CT,Northeast,96,0.6099185603184892,2,Harris
Connecticut,CT,Northeast,96,0.6099185603184892,1,Harris
Connecticut,CT,Northeast,96,0.6099185603184892,1,Did not vote
Connecticut,CT,Northeast,96,0.6099185603184892,-1,Did not vote
Connecticut,CT,Northeast,96,0.6099185603184892,-1,Harris
Connecticut,CT,Northeast,96,0.6099185603184892,0,Did not vote
Connecticut,CT,Northeast,96,0.6099185603184892,0,Trump
Connecticut,CT,Northeast,96,0.6099185603184892,-2,Trump
Connecticut,CT,Northeast,96,0.6099185603184892,0,Harris
Connecticut,CT,Northeast,96,0.6099185603184892,1,Harris
Connecticut,CT,Northeast,96,0.6099185603184892,0,Trump
Connecticut,CT,Northeast,96,0.6099185603184892,-2,Harris
Connecticut,CT,Northeast,96,0.6099185603184892,0,Harris
Connecticut,CT,Northeast,96,0.6099185603184892,-1,Did not vote
Connecticut,CT,Northeast,96,0.6099185603184892,-1,Harris
Connecticut,CT,Northeast,96,0.6099185603184892,0,Trump
Connecticut,CT,Northeast,96,0.6099185603184892,0,Did not vote
Connecticut,CT,Northeast,96,0.6099185603184892,1,Harris
Connecticut,CT,Northeast,96,0.6099185603184892,1,Harris
Connecticut,CT,Northeast,96,0.6099185603184892,-2,Harris
Connecticut,CT,Northeast,96,0.6099185603184892,1,Trump
Connecticut,CT,Northeast,96,0.6099185603184892,-2,Harris
Connecticut,CT,Northeast,96,0.6099185603184892,1,Trump
Connecticut,CT,Northeast,96,0.6099185603184892,2,Trump
Connecticut,CT,Northeast,96,0.6099185603184892,1,Did not vote
Connecticut,CT,Northeast,96,0.6099185603184892,-2,Harris
Connecticut,CT,Northeast,96,0.6099185603184892,-1,Did not vote
Connecticut,CT,Northeast,96,0.6099185603184892,0,Did not vote
Connecticut,CT,Northeast,96,0.6099185603184892,0,Trump
Connecticut,CT,Northeast,96,0.6099185603184892,1,Harris
Connecticut,CT,Northeast,96,0.6099185603184892,1,Harris
Connecticut,CT,Northeast,96,0.6099185603184892,-1,Did not vote
Connecticut,CT,Northeast,96,0.6099185603184892,0,Harris
Connecticut,CT,Northeast,96,0.6099185603184892,1,Trump
Connecticut,CT,Northeast,96,0.6099185603184892,1,Trump
Connecticut,CT,Northeast,96,0.6099185603184892,-1,Trump
Connecticut,CT,Northeast,96,0.6099185603184892,-1,Did not vote
Connecticut,CT,Northeast,96,0.6099185603184892,0,Harris
Connecticut,CT,Northeast,96,0.6099185603184892,-1,Did not vote
Connecticut,CT,Northeast,96,0.6099185603184892,-2,Trump
Connecticut,CT,Northeast,96,0.6099185603184892,1,Trump
Connecticut,CT,Northeast,96,0.6099185603184892,1,Did not vote
Connecticut,CT,Northeast,96,0.6099185603184892,2,Harris
Connecticut,CT,Northeast,96,0.6099185603184892,1,Trump
Connecticut,CT,Northeast,96,0.6099185603184892,-1,Harris
Connecticut,CT,Northeast,96,0.6099185603184892,1,Did not vote
Connecticut,CT,Northeast,96,0.6099185603184892,1,Trump
Connecticut,CT,Northeast,96,0.6099185603184892,0,Trump
Connecticut,CT,Northeast,96,0.6099185603184892,1,Harris
Connecticut,CT,Northeast,96,0.6099185603184892,1,Trump
Connecticut,CT,Northeast,96,0.6099185603184892,-1,Did not vote
Connecticut,CT,Northeast,96,0.6099185603184892,0,Harris
Connecticut,CT,Northeast,96,0.6099185603184892,0,Harris
Connecticut,CT,Northeast,96,0.6099185603184892,0,Harris
Connecticut,CT,Northeast,96,0.6099185603184892,1,Trump
Connecticut,CT,Northeast,96,0.6099185603184892,1,Trump
Connecticut,CT,Northeast,96,0.6099185603184892,1,Harris
Connecticut,CT,Northeast,96,0.6099185603184892,-1,Trump
Connecticut,CT,Northeast,96,0.6099185603184892,1,Harris
Connecticut,CT,Northeast,96,0.6099185603184892,-1,Did not vote
Connecticut,CT,Northeast,96,0.6099185603184892,1,Harris
Connecticut,CT,Northeast,96,0.6099185603184892,0,Trump
Connecticut,CT,Northeast,96,0.6099185603184892,1,Harris
Connecticut,CT,Northeast,96,0.6099185603184892,1,Harris
Connecticut,CT,Northeast,96,0.6099185603184892,1,Did not vote
Connecticut,CT,Northeast,96,0.6099185603184892,-1,Harris
Connecticut,CT,Northeast,96,0.6099185603184892,1,Harris
Connecticut,CT,Northeast,96,0.6099185603184892,0,Did not vote
Connecticut,CT,Northeast,96,0.6099185603184892,0,Trump
Connecticut,CT,Northeast,96,0.6099185603184892,1,Trump
Connecticut,CT,Northeast,96,0.6099185603184892,1,Did not vote
Connecticut,CT,Northeast,96,0.6099185603184892,1,Did not vote
Connecticut,CT,Northeast,96,0.6099185603184892,-1,Trump
Connecticut,CT,Northeast,96,0.6099185603184892,1,Did not vote
Connecticut,CT,Northeast,96,0.6099185603184892,0,Did not vote
Connecticut,CT,Northeast,96,0.6099185603184892,0,Did not vote
Connecticut,CT,Northeast,96,0.6099185603184892,2,Harris
Connecticut,CT,Northeast,96,0.6099185603184892,1,Did not vote
Connecticut,CT,Northeast,96,0.6099185603184892,1,Harris
Connecticut,CT,Northeast,96,0.6099185603184892,0,Did not vote
Connecticut,CT,Northeast,96,0.6099185603184892,-2,Did not vote
Connecticut,CT,Northeast,96,0.6099185603184892,1,Trump
Connecticut,CT,Northeast,96,0.6099185603184892,-2,Did not vote
Connecticut,CT,Northeast,96,0.6099185603184892,0,Did not vote
Connecticut,CT,Northeast,96,0.6099185603184892,1,Harris
Connecticut,CT,Northeast,96,0.6099185603184892,1,Trump
Connecticut,CT,Northeast,96,0.6099185603184892,1,Harris
Connecticut,CT,Northeast,96,0.6099185603184892,-1,Trump
Connecticut,CT,Northeast,96,0.6099185603184892,-2,Harris
Connecticut,CT,Northeast,96,0.6099185603184892,1,Did not vote
Connecticut,CT,Northeast,96,0.6099185603184892,1,Harris
Connecticut,CT,Northeast,96,0.6099185603184892,0,Trump
Connecticut,CT,Northeast,96,0.6099185603184892,0,Harris
Connecticut,CT,Northeast,96,0.6099185603184892,1,Harris
Connecticut,CT,Northeast,96,0.6099185603184892,-2,Did not vote
Connecticut,CT,Northeast,96,0.6099185603184892,1,Harris
Connecticut,CT,Northeast,96,0.6099185603184892,1,Trump
Connecticut,CT,Northeast,96,0.6099185603184892,-2,Did not vote
Connecticut,CT,Northeast,96,0.6099185603184892,1,Trump
Connecticut,CT,Northeast,96,0.6099185603184892,1,Harris
Connecticut,CT,Northeast,96,0.6099185603184892,1,Harris
Connecticut,CT,Northeast,96,0.6099185603184892,1,Trump
Connecticut,CT,Northeast,96,0.6099185603184892,-1,Did not vote
Connecticut,CT,Northeast,96,0.6099185603184892,2,Harris
Connecticut,CT,Northeast,96,0.6099185603184892,-1,Harris
Connecticut,CT,Northeast,96,0.6099185603184892,1,Trump
Connecticut,CT,Northeast,96,0.6099185603184892,0,Harris
Connecticut,CT,Northeast,96,0.6099185603184892,-1,Harris
Connecticut,CT,Northeast,96,0.6099185603184892,1,Trump
Connecticut,CT,Northeast,96,0.6099185603184892,1,Harris
Connecticut,CT,Northeast,96,0.6099185603184892,1,Harris
Connecticut,CT,Northeast,96,0.6099185603184892,0,Did not vote
Connecticut,CT,Northeast,96,0.6099185603184892,0,Harris
Connecticut,CT,Northeast,96,0.6099185603184892,-1,Harris
Connecticut,CT,Northeast,96,0.6099185603184892,0,Trump
Connecticut,CT,Northeast,96,0.6099185603184892,1,Harris
Connecticut,CT,Northeast,96,0.6099185603184892,-2,Did not vote
Connecticut,CT,Northeast,96,0.6099185603184892,1,Harris
Connecticut,CT,Northeast,96,0.6099185603184892,0,Harris
Connecticut,CT,Northeast,96,0.6099185603184892,1,Trump
Connecticut,CT,Northeast,96,0.6099185603184892,2,Trump
Connecticut,CT,Northeast,96,0.6099185603184892,-1,Did not vote
Connecticut,CT,Northeast,96,0.6099185603184892,1,Harris
Connecticut,CT,Northeast,96,0.6099185603184892,0,Harris
Connecticut,CT,Northeast,96,0.6099185603184892,1,Harris
Connecticut,CT,Northeast,96,0.6099185603184892,-1,Harris
Connecticut,CT,Northeast,96,0.6099185603184892,1,Harris
Connecticut,CT,Northeast,96,0.6099185603184892,2,Harris
Connecticut,CT,Northeast,96,0.6099185603184892,2,Harris
Connecticut,CT,Northeast,96,0.6099185603184892,-2,Harris
Connecticut,CT,Northeast,96,0.6099185603184892,0,Harris
Connecticut,CT,Northeast,96,0.6099185603184892,0,Did not vote
Connecticut,CT,Northeast,96,0.6099185603184892,-1,Harris
Connecticut,CT,Northeast,96,0.6099185603184892,-1,Harris
Connecticut,CT,Northeast,96,0.6099185603184892,-1,Harris
Connecticut,CT,Northeast,96,0.6099185603184892,1,Harris
Connecticut,CT,Northeast,96,0.6099185603184892,0,Harris
Connecticut,CT,Northeast,96,0.6099185603184892,1,Harris
Connecticut,CT,Northeast,96,0.6099185603184892,1,Harris
Connecticut,CT,Northeast,96,0.6099185603184892,0,Harris
Connecticut,CT,Northeast,96,0.6099185603184892,0,Did not vote
Connecticut,CT,Northeast,96,0.6099185603184892,-1,Harris
Connecticut,CT,Northeast,96,0.6099185603184892,0,Trump
Connecticut,CT,Northeast,96,0.6099185603184892,0,Harris
Connecticut,CT,Northeast,96,0.6099185603184892,0,Harris
Connecticut,CT,Northeast,96,0.6099185603184892,0,Harris
Connecticut,CT,Northeast,96,0.6099185603184892,0,Harris
Connecticut,CT,Northeast,96,0.6099185603184892,0,Harris
Connecticut,CT,Northeast,96,0.6099185603184892,1,Trump
Connecticut,CT,Northeast,96,0.6099185603184892,1,Trump
Connecticut,CT,Northeast,96,0.6099185603184892,0,Trump
Connecticut,CT,Northeast,96,0.6099185603184892,1,Harris
Connecticut,CT,Northeast,96,0.6099185603184892,0,Harris
Connecticut,CT,Northeast,96,0.6099185603184892,0,Did not vote
Connecticut,CT,Northeast,96,0.6099185603184892,-1,Did not vote
Connecticut,CT,Northeast,96,0.6099185603184892,-1,Trump
Connecticut,CT,Northeast,96,0.6099185603184892,0,Did not vote
Connecticut,CT,Northeast,96,0.6099185603184892,-1,Harris
Connecticut,CT,Northeast,96,0.6099185603184892,-1,Did not vote
Connecticut,CT,Northeast,96,0.6099185603184892,0,Harris
Connecticut,CT,Northeast,96,0.6099185603184892,0,Harris
Connecticut,CT,Northeast,96,0.6099185603184892,-1,Did not vote
Connecticut,CT,Northeast,96,0.6099185603184892,1,Did not vote
Connecticut,CT,Northeast,96,0.6099185603184892,0,Did not vote
Connecticut,CT,Northeast,96,0.6099185603184892,0,Did not vote
Connecticut,CT,Northeast,96,0.6099185603184892,-1,Did not vote
Connecticut,CT,Northeast,96,0.6099185603184892,-1,Did not vote
Connecticut,CT,Northeast,96,0.6099185603184892,-2,Did not vote
Connecticut,CT,Northeast,96,0.6099185603184892,-2,Did not vote
Connecticut,CT,Northeast,96,0.6099185603184892,0,Did not vote
Connecticut,CT,Northeast,96,0.6099185603184892,1,Harris
Connecticut,CT,Northeast,96,0.6099185603184892,0,Did not vote
Connecticut,CT,Northeast,96,0.6099185603184892,0,Did not vote
Connecticut,CT,Northeast,96,0.6099185603184892,0,Did not vote
Connecticut,CT,Northeast,96,0.6099185603184892,-1,Did not vote
Connecticut,CT,Northeast,96,0.6099185603184892,0,Did not vote
Connecticut,CT,Northeast,96,0.6099185603184892,1,Did not vote
Connecticut,CT,Northeast,96,0.6099185603184892,-2,Did not vote
Connecticut,CT,Northeast,96,0.6099185603184892,-2,Harris
Connecticut,CT,Northeast,96,0.6099185603184892,2,Harris
Connecticut,CT,Northeast,96,0.6099185603184892,-2,Did not vote
Connecticut,CT,Northeast,96,0.6099185603184892,0,Did not vote
Connecticut,CT,Northeast,96,0.6099185603184892,1,Did not vote
Connecticut,CT,Northeast,96,0.6099185603184892,-1,Did not vote
Connecticut,CT,Northeast,96,0.6099185603184892,0,Did not vote
Connecticut,CT,Northeast,96,0.6099185603184892,1,Did not vote
Connecticut,CT,Northeast,96,0.6099185603184892,-2,Did not vote
Connecticut,CT,Northeast,96,0.6099185603184892,0,Did not vote
Connecticut,CT,Northeast,96,0.6099185603184892,0,Did not vote
Connecticut,CT,Northeast,96,0.6099185603184892,0,Did not vote
Connecticut,CT,Northeast,96,0.6099185603184892,1,Did not vote
Connecticut,CT,Northeast,96,0.6099185603184892,-2,Did not vote
Connecticut,CT,Northeast,96,0.6099185603184892,-1,Did not vote
Connecticut,CT,Northeast,96,0.6099185603184892,1,Harris
Connecticut,CT,Northeast,96,0.6099185603184892,1,Did not vote
Connecticut,CT,Northeast,96,0.6099185603184892,0,Did not vote
Connecticut,CT,Northeast,96,0.6099185603184892,-2,Did not vote
Connecticut,CT,Northeast,96,0.6099185603184892,1,Trump
Connecticut,CT,Northeast,96,0.6099185603184892,-2,Did not vote
Connecticut,CT,Northeast,96,0.6099185603184892,-1,Did not vote
Connecticut,CT,Northeast,96,0.6099185603184892,0,Did not vote
Connecticut,CT,Northeast,96,0.6099185603184892,-1,Did not vote
Connecticut,CT,Northeast,96,0.6099185603184892,0,Did not vote
Connecticut,CT,Northeast,96,0.6099185603184892,1,Harris
Connecticut,CT,Northeast,96,0.6099185603184892,-2,Did not vote
Connecticut,CT,Northeast,96,0.6099185603184892,0,Harris
Connecticut,CT,Northeast,96,0.6099185603184892,-2,Did not vote
Connecticut,CT,Northeast,96,0.6099185603184892,2,Did not vote
Connecticut,CT,Northeast,96,0.6099185603184892,-2,Harris
Connecticut,CT,Northeast,96,0.6099185603184892,0,Trump
Connecticut,CT,Northeast,96,0.6099185603184892,-2,Did not vote
Connecticut,CT,Northeast,96,0.6099185603184892,0,Trump
Connecticut,CT,Northeast,96,0.6099185603184892,1,Trump
Connecticut,CT,Northeast,96,0.6099185603184892,0,Did not vote
Connecticut,CT,Northeast,96,0.6099185603184892,-2,Did not vote
Connecticut,CT,Northeast,96,0.6099185603184892,0,Did not vote
Connecticut,CT,Northeast,96,0.6099185603184892,0,Did not vote
Connecticut,CT,Northeast,96,0.6099185603184892,-2,Harris
Connecticut,CT,Northeast,96,0.6099185603184892,1,Did not vote
Connecticut,CT,Northeast,96,0.6099185603184892,1,Harris
Connecticut,CT,Northeast,96,0.6099185603184892,1,Harris
Connecticut,CT,Northeast,96,0.6099185603184892,1,Did not vote
Connecticut,CT,Northeast,96,0.6099185603184892,1,Did not vote
Connecticut,CT,Northeast,96,0.6099185603184892,-1,Trump
Connecticut,CT,Northeast,96,0.6099185603184892,-1,Did not vote
Connecticut,CT,Northeast,96,0.6099185603184892,1,Did not vote
Connecticut,CT,Northeast,96,0.6099185603184892,-2,Did not vote
Connecticut,CT,Northeast,96,0.6099185603184892,-1,Did not vote
Connecticut,CT,Northeast,96,0.6099185603184892,0,Did not vote
Connecticut,CT,Northeast,96,0.6099185603184892,1,Did not vote
Connecticut,CT,Northeast,96,0.6099185603184892,1,Harris
Connecticut,CT,Northeast,96,0.6099185603184892,0,Did not vote
Connecticut,CT,Northeast,96,0.6099185603184892,0,Did not vote
Connecticut,CT,Northeast,96,0.6099185603184892,1,Harris
Connecticut,CT,Northeast,96,0.6099185603184892,1,Did not vote
Connecticut,CT,Northeast,96,0.6099185603184892,0,Did not vote
Connecticut,CT,Northeast,96,0.6099185603184892,0,Did not vote
Connecticut,CT,Northeast,96,0.6099185603184892,0,Did not vote
Connecticut,CT,Northeast,96,0.6099185603184892,-1,Harris
Connecticut,CT,Northeast,96,0.6099185603184892,1,Did not vote
Connecticut,CT,Northeast,96,0.6099185603184892,-1,Did not vote
Connecticut,CT,Northeast,96,0.6099185603184892,-2,Harris
Connecticut,CT,Northeast,96,0.6099185603184892,0,Did not vote
Connecticut,CT,Northeast,96,0.6099185603184892,2,Did not vote
Connecticut,CT,Northeast,96,0.6099185603184892,0,Did not vote
Connecticut,CT,Northeast,96,0.6099185603184892,1,Did not vote
Connecticut,CT,Northeast,96,0.6099185603184892,0,Did not vote
Connecticut,CT,Northeast,96,0.6099185603184892,1,Did not vote
Connecticut,CT,Northeast,96,0.6099185603184892,-2,Did not vote
Connecticut,CT,Northeast,96,0.6099185603184892,-2,Did not vote
Connecticut,CT,Northeast,96,0.6099185603184892,1,Did not vote
Connecticut,CT,Northeast,96,0.6099185603184892,1,Did not vote
Connecticut,CT,Northeast,96,0.6099185603184892,1,Did not vote
Connecticut,CT,Northeast,96,0.6099185603184892,-2,Did not vote
Connecticut,CT,Northeast,96,0.6099185603184892,-1,Did not vote
Connecticut,CT,Northeast,96,0.6099185603184892,0,Did not vote
Connecticut,CT,Northeast,96,0.6099185603184892,1,Did not vote
Connecticut,CT,Northeast,96,0.6099185603184892,0,Did not vote
Connecticut,CT,Northeast,96,0.6099185603184892,2,Trump
Connecticut,CT,Northeast,96,0.6099185603184892,0,Did not vote
Connecticut,CT,Northeast,96,0.6099185603184892,-1,Did not vote
Connecticut,CT,Northeast,96,0.6099185603184892,-1,Did not vote
Connecticut,CT,Northeast,96,0.6099185603184892,1,Did not vote
Connecticut,CT,Northeast,96,0.6099185603184892,-1,Did not vote
Connecticut,CT,Northeast,96,0.6099185603184892,0,Harris
Connecticut,CT,Northeast,96,0.6099185603184892,-1,Harris
Connecticut,CT,Northeast,96,0.6099185603184892,1,Did not vote
Connecticut,CT,Northeast,96,0.6099185603184892,-1,Harris
Connecticut,CT,Northeast,96,0.6099185603184892,1,Did not vote
Connecticut,CT,Northeast,96,0.6099185603184892,1,Did not vote
Connecticut,CT,Northeast,96,0.6099185603184892,1,Harris
Connecticut,CT,Northeast,96,0.6099185603184892,1,Harris
Connecticut,CT,Northeast,96,0.6099185603184892,-2,Did not vote
Connecticut,CT,Northeast,96,0.6099185603184892,0,Did not vote
Connecticut,CT,Northeast,96,0.6099185603184892,2,Harris
Connecticut,CT,Northeast,96,0.6099185603184892,0,Did not vote
Connecticut,CT,Northeast,96,0.6099185603184892,1,Did not vote
Connecticut,CT,Northeast,96,0.6099185603184892,-2,Did not vote
Connecticut,CT,Northeast,96,0.6099185603184892,-2,Did not vote
Connecticut,CT,Northeast,96,0.6099185603184892,-2,Did not vote
Connecticut,CT,Northeast,96,0.6099185603184892,1,Did not vote
Connecticut,CT,Northeast,96,0.6099185603184892,-2,Did not vote
Connecticut,CT,Northeast,96,0.6099185603184892,0,Did not vote
Connecticut,CT,Northeast,96,0.6099185603184892,1,Did not vote
Connecticut,CT,Northeast,96,0.6099185603184892,-1,Did not vote
Connecticut,CT,Northeast,96,0.6099185603184892,0,Did not vote
Connecticut,CT,Northeast,96,0.6099185603184892,-2,Did not vote
Connecticut,CT,Northeast,96,0.6099185603184892,1,Did not vote
Connecticut,CT,Northeast,96,0.6099185603184892,-2,Did not vote
Connecticut,CT,Northeast,96,0.6099185603184892,-1,Trump
Connecticut,CT,Northeast,96,0.6099185603184892,0,Did not vote
Connecticut,CT,Northeast,96,0.6099185603184892,1,Harris
Connecticut,CT,Northeast,96,0.6099185603184892,-2,Did not vote
Connecticut,CT,Northeast,96,0.6099185603184892,0,Did not vote
Connecticut,CT,Northeast,96,0.6099185603184892,1,Harris
Connecticut,CT,Northeast,96,0.6099185603184892,0,Did not vote
Connecticut,CT,Northeast,96,0.6099185603184892,-2,Did not vote
Connecticut,CT,Northeast,96,0.6099185603184892,2,Trump
Connecticut,CT,Northeast,96,0.6099185603184892,1,Trump
Connecticut,CT,Northeast,96,0.6099185603184892,0,Harris
Connecticut,CT,Northeast,96,0.6099185603184892,1,Harris
Connecticut,CT,Northeast,96,0.6099185603184892,0,Did not vote
Connecticut,CT,Northeast,96,0.6099185603184892,0,Did not vote
Connecticut,CT,Northeast,96,0.6099185603184892,1,Did not vote
Connecticut,CT,Northeast,96,0.6099185603184892,1,Did not vote
Connecticut,CT,Northeast,96,0.6099185603184892,0,Did not vote
Connecticut,CT,Northeast,96,0.6099185603184892,0,Did not vote
Connecticut,CT,Northeast,96,0.6099185603184892,0,Trump
Connecticut,CT,Northeast,96,0.6099185603184892,1,Trump
Connecticut,CT,Northeast,96,0.6099185603184892,-2,Harris
Connecticut,CT,Northeast,96,0.6099185603184892,1,Harris
Connecticut,CT,Northeast,96,0.6099185603184892,-1,Harris
Connecticut,CT,Northeast,96,0.6099185603184892,0,Harris
Connecticut,CT,Northeast,96,0.6099185603184892,-1,Harris
Connecticut,CT,Northeast,96,0.6099185603184892,0,Harris
Connecticut,CT,Northeast,96,0.6099185603184892,-2,Trump
Connecticut,CT,Northeast,96,0.6099185603184892,1,Harris
Connecticut,CT,Northeast,96,0.6099185603184892,-1,Harris
Connecticut,CT,Northeast,96,0.6099185603184892,1,Did not vote
Connecticut,CT,Northeast,96,0.6099185603184892,0,Trump
Connecticut,CT,Northeast,96,0.6099185603184892,1,Harris
Connecticut,CT,Northeast,96,0.6099185603184892,-2,Did not vote
Connecticut,CT,Northeast,96,0.6099185603184892,0,Did not vote
Connecticut,CT,Northeast,96,0.6099185603184892,-2,Did not vote
Connecticut,CT,Northeast,96,0.6099185603184892,1,Trump
Connecticut,CT,Northeast,96,0.6099185603184892,-2,Did not vote
Connecticut,CT,Northeast,96,0.6099185603184892,0,Harris
Connecticut,CT,Northeast,96,0.6099185603184892,-1,Trump
Connecticut,CT,Northeast,96,0.6099185603184892,-2,Did not vote
Connecticut,CT,Northeast,96,0.6099185603184892,1,Did not vote
Connecticut,CT,Northeast,96,0.6099185603184892,-1,Harris
Connecticut,CT,Northeast,96,0.6099185603184892,0,Did not vote
Connecticut,CT,Northeast,96,0.6099185603184892,0,Did not vote
Connecticut,CT,Northeast,96,0.6099185603184892,1,Trump
Connecticut,CT,Northeast,96,0.6099185603184892,-1,Did not vote
Connecticut,CT,Northeast,96,0.6099185603184892,1,Harris
Connecticut,CT,Northeast,96,0.6099185603184892,-1,Trump
Connecticut,CT,Northeast,96,0.6099185603184892,1,Harris
Connecticut,CT,Northeast,96,0.6099185603184892,2,Harris
Connecticut,CT,Northeast,96,0.6099185603184892,0,Trump
Connecticut,CT,Northeast,96,0.6099185603184892,-2,Did not vote
Connecticut,CT,Northeast,96,0.6099185603184892,1,Did not vote
Connecticut,CT,Northeast,96,0.6099185603184892,-1,Did not vote
Connecticut,CT,Northeast,96,0.6099185603184892,1,Harris
Connecticut,CT,Northeast,96,0.6099185603184892,0,Did not vote
Connecticut,CT,Northeast,96,0.6099185603184892,-1,Did not vote
Connecticut,CT,Northeast,96,0.6099185603184892,1,Harris
Connecticut,CT,Northeast,96,0.6099185603184892,1,Did not vote
Connecticut,CT,Northeast,96,0.6099185603184892,1,Harris
Connecticut,CT,Northeast,96,0.6099185603184892,0,Trump
Connecticut,CT,Northeast,96,0.6099185603184892,2,Did not vote
Connecticut,CT,Northeast,96,0.6099185603184892,1,Trump
Connecticut,CT,Northeast,96,0.6099185603184892,2,Harris
Connecticut,CT,Northeast,96,0.6099185603184892,1,Harris
Connecticut,CT,Northeast,96,0.6099185603184892,0,Did not vote
Connecticut,CT,Northeast,96,0.6099185603184892,0,Harris
Connecticut,CT,Northeast,96,0.6099185603184892,1,Did not vote
Connecticut,CT,Northeast,96,0.6099185603184892,1,Harris
Connecticut,CT,Northeast,96,0.6099185603184892,0,Harris
Connecticut,CT,Northeast,96,0.6099185603184892,2,Did not vote
Connecticut,CT,Northeast,96,0.6099185603184892,1,Did not vote
Connecticut,CT,Northeast,96,0.6099185603184892,0,Did not vote
Connecticut,CT,Northeast,96,0.6099185603184892,0,Harris
Connecticut,CT,Northeast,96,0.6099185603184892,2,Did not vote
Connecticut,CT,Northeast,96,0.6099185603184892,0,Harris
Connecticut,CT,Northeast,96,0.6099185603184892,0,Harris
Connecticut,CT,Northeast,96,0.6099185603184892,2,Harris
Connecticut,CT,Northeast,96,0.6099185603184892,-2,Trump
Connecticut,CT,Northeast,96,0.6099185603184892,1,Did not vote
Connecticut,CT,Northeast,96,0.6099185603184892,1,Trump
Connecticut,CT,Northeast,96,0.6099185603184892,1,Harris
Connecticut,CT,Northeast,96,0.6099185603184892,0,Did not vote
Connecticut,CT,Northeast,96,0.6099185603184892,-2,Did not vote
Connecticut,CT,Northeast,96,0.6099185603184892,1,Harris
Connecticut,CT,Northeast,96,0.6099185603184892,-1,Harris
Connecticut,CT,Northeast,96,0.6099185603184892,1,Did not vote
Connecticut,CT,Northeast,96,0.6099185603184892,-1,Did not vote
Connecticut,CT,Northeast,96,0.6099185603184892,0,Did not vote
Connecticut,CT,Northeast,96,0.6099185603184892,1,Harris
Connecticut,CT,Northeast,96,0.6099185603184892,-1,Harris
Connecticut,CT,Northeast,96,0.6099185603184892,-1,Did not vote
Connecticut,CT,Northeast,96,0.6099185603184892,-1,Did not vote
Connecticut,CT,Northeast,96,0.6099185603184892,0,Harris
Connecticut,CT,Northeast,96,0.6099185603184892,1,Harris
Connecticut,CT,Northeast,96,0.6099185603184892,-1,Trump
Connecticut,CT,Northeast,96,0.6099185603184892,1,Did not vote
Connecticut,CT,Northeast,96,0.6099185603184892,0,Harris
Connecticut,CT,Northeast,96,0.6099185603184892,0,Trump
Connecticut,CT,Northeast,96,0.6099185603184892,2,Harris
Connecticut,CT,Northeast,96,0.6099185603184892,2,Trump
Connecticut,CT,Northeast,96,0.6099185603184892,2,Harris
Connecticut,CT,Northeast,96,0.6099185603184892,-1,Trump
Connecticut,CT,Northeast,96,0.6099185603184892,-1,Harris
Connecticut,CT,Northeast,96,0.6099185603184892,-2,Trump
Connecticut,CT,Northeast,96,0.6099185603184892,2,Harris
Connecticut,CT,Northeast,96,0.6099185603184892,-1,Did not vote
Connecticut,CT,Northeast,96,0.6099185603184892,1,Harris
Connecticut,CT,Northeast,96,0.6099185603184892,-1,Harris
Connecticut,CT,Northeast,96,0.6099185603184892,1,Harris
Connecticut,CT,Northeast,96,0.6099185603184892,-1,Trump
Connecticut,CT,Northeast,96,0.6099185603184892,1,Harris
Connecticut,CT,Northeast,96,0.6099185603184892,-2,Did not vote
Connecticut,CT,Northeast,96,0.6099185603184892,0,Did not vote
Connecticut,CT,Northeast,96,0.6099185603184892,1,Harris
Connecticut,CT,Northeast,96,0.6099185603184892,0,Trump
Connecticut,CT,Northeast,96,0.6099185603184892,2,Harris
Connecticut,CT,Northeast,96,0.6099185603184892,0,Harris
Connecticut,CT,Northeast,96,0.6099185603184892,0,Did not vote
Connecticut,CT,Northeast,96,0.6099185603184892,1,Did not vote
Connecticut,CT,Northeast,96,0.6099185603184892,1,Harris
Connecticut,CT,Northeast,96,0.6099185603184892,-2,Harris
Connecticut,CT,Northeast,96,0.6099185603184892,-2,Harris
Connecticut,CT,Northeast,96,0.6099185603184892,0,Did not vote
Connecticut,CT,Northeast,96,0.6099185603184892,0,Did not vote
Connecticut,CT,Northeast,96,0.6099185603184892,2,Harris
Connecticut,CT,Northeast,96,0.6099185603184892,1,Did not vote
Connecticut,CT,Northeast,96,0.6099185603184892,-1,Harris
Connecticut,CT,Northeast,96,0.6099185603184892,2,Harris
Connecticut,CT,Northeast,96,0.6099185603184892,-2,Harris
Connecticut,CT,Northeast,96,0.6099185603184892,0,Harris
Connecticut,CT,Northeast,96,0.6099185603184892,-1,Did not vote
Connecticut,CT,Northeast,96,0.6099185603184892,0,Trump
Connecticut,CT,Northeast,96,0.6099185603184892,-1,Did not vote
Connecticut,CT,Northeast,96,0.6099185603184892,2,Trump
Connecticut,CT,Northeast,96,0.6099185603184892,0,Did not vote
Connecticut,CT,Northeast,96,0.6099185603184892,0,Did not vote
Connecticut,CT,Northeast,96,0.6099185603184892,2,Trump
Connecticut,CT,Northeast,96,0.6099185603184892,1,Trump
Connecticut,CT,Northeast,96,0.6099185603184892,0,Trump
Connecticut,CT,Northeast,96,0.6099185603184892,-1,Harris
Connecticut,CT,Northeast,96,0.6099185603184892,1,Did not vote
Connecticut,CT,Northeast,96,0.6099185603184892,1,Harris
Connecticut,CT,Northeast,96,0.6099185603184892,1,Trump
Connecticut,CT,Northeast,96,0.6099185603184892,0,Harris
Connecticut,CT,Northeast,96,0.6099185603184892,1,Did not vote
Connecticut,CT,Northeast,96,0.6099185603184892,0,Harris
Connecticut,CT,Northeast,96,0.6099185603184892,0,Did not vote
Connecticut,CT,Northeast,96,0.6099185603184892,-1,Did not vote
Connecticut,CT,Northeast,96,0.6099185603184892,2,Did not vote
Connecticut,CT,Northeast,96,0.6099185603184892,1,Trump
Connecticut,CT,Northeast,96,0.6099185603184892,-1,Trump
Connecticut,CT,Northeast,96,0.6099185603184892,0,Did not vote
Connecticut,CT,Northeast,96,0.6099185603184892,2,Trump
Connecticut,CT,Northeast,96,0.6099185603184892,1,Harris
Connecticut,CT,Northeast,96,0.6099185603184892,2,Harris
Connecticut,CT,Northeast,96,0.6099185603184892,-1,Did not vote
Connecticut,CT,Northeast,96,0.6099185603184892,1,Trump
Connecticut,CT,Northeast,96,0.6099185603184892,2,Harris
Connecticut,CT,Northeast,96,0.6099185603184892,0,Did not vote
Connecticut,CT,Northeast,96,0.6099185603184892,1,Did not vote
Connecticut,CT,Northeast,96,0.6099185603184892,0,Did not vote
Connecticut,CT,Northeast,96,0.6099185603184892,-2,Did not vote
Connecticut,CT,Northeast,96,0.6099185603184892,-1,Did not vote
Connecticut,CT,Northeast,96,0.6099185603184892,0,Did not vote
Connecticut,CT,Northeast,96,0.6099185603184892,1,Did not vote
Connecticut,CT,Northeast,96,0.6099185603184892,-1,Did not vote
Connecticut,CT,Northeast,96,0.6099185603184892,1,Did not vote
Connecticut,CT,Northeast,96,0.6099185603184892,-2,Did not vote
Connecticut,CT,Northeast,96,0.6099185603184892,0,Did not vote
Connecticut,CT,Northeast,96,0.6099185603184892,-1,Did not vote
Connecticut,CT,Northeast,96,0.6099185603184892,0,Did not vote
Connecticut,CT,Northeast,96,0.6099185603184892,-2,Did not vote
Connecticut,CT,Northeast,96,0.6099185603184892,-2,Did not vote
Connecticut,CT,Northeast,96,0.6099185603184892,-1,Did not vote
Connecticut,CT,Northeast,96,0.6099185603184892,-2,Did not vote
Connecticut,CT,Northeast,96,0.6099185603184892,1,Did not vote
Connecticut,CT,Northeast,96,0.6099185603184892,0,Did not vote
Connecticut,CT,Northeast,96,0.6099185603184892,1,Did not vote
Connecticut,CT,Northeast,96,0.6099185603184892,0,Did not vote
Connecticut,CT,Northeast,96,0.6099185603184892,-1,Did not vote
Connecticut,CT,Northeast,96,0.6099185603184892,-1,Did not vote
Connecticut,CT,Northeast,96,0.6099185603184892,-1,Did not vote
