year,state,state_abbr,region,pc_income,rep_share
1976,Alabama,AL,South,30,0.4333
1976,Alaska,AK,West,68.6,0.6189
1976,Arizona,AZ,West,34.8,0.5861
1976,Arkansas,AR,South,28.9,0.3495
1976,California,CA,West,43.9,0.5092
1976,Colorado,CO,West,39.7,0.5591
1976,Connecticut,CT,Northeast,43.8,0.5261
1976,Delaware,DE,South,40.9,0.4727
1976,Florida,FL,South,36.1,0.4732
1976,Georgia,GA,South,32.4,0.3306
1976,Hawaii,HI,West,46.1,0.4872
1976,Idaho,ID,West,34.9,0.6173
1976,Illinois,IL,Midwest,42.1,0.51
1976,Indiana,IN,Midwest,36,0.5385
1976,Iowa,IA,Midwest,36.6,0.5052
1976,Kansas,KS,Midwest,37.7,0.5388
1976,Kentucky,KY,South,30.5,0.4635
1976,Louisiana,LA,South,31.3,0.4704
1976,Maine,ME,Northeast,32.6,0.5043
1976,Maryland,MD,South,43.5,0.4696
1976,Massachusetts,MA,Northeast,39,0.4189
1976,Michigan,MI,Midwest,39,0.5274
1976,Minnesota,MN,Midwest,37.5,0.4336
1976,Mississippi,MS,South,26.9,0.4903
1976,Missouri,MO,Midwest,35.3,0.4816
1976,Montana,MT,West,34.9,0.5378
1976,Nebraska,NE,Midwest,36.3,0.6063
1976,Nevada,NV,West,44,0.5227
1976,New Hampshire,NH,Northeast,35.4,0.5574
1976,New Jersey,NJ,Northeast,43.1,0.511
1976,New Mexico,NM,West,32.2,0.5124
1976,New York,NY,Northeast,41.4,0.4778
1976,North Carolina,NC,South,31.7,0.4445
1976,North Dakota,ND,Midwest,35,0.5304
1976,Ohio,OH,Midwest,37.2,0.4988
1976,Oklahoma,OK,South,33.9,0.5062
1976,Oregon,OR,West,39.1,0.5009
1976,Pennsylvania,PA,Northeast,37.7,0.4864
1976,Rhode Island,RI,Northeast,36.4,0.4433
1976,South Carolina,SC,South,30.2,0.4343
1976,South Dakota,SD,Midwest,31.5,0.5074
1976,Tennessee,TN,South,31.2,0.4343
1976,Texas,TX,South,36,0.484
1976,Utah,UT,West,32.3,0.6498
1976,Vermont,VT,Northeast,32.7,0.5634
1976,Virginia,VA,South,38.4,0.5069
1976,Washington,WA,West,40.9,0.5202
1976,West Virginia,WV,South,30.1,0.4193
1976,Wisconsin,WI,Midwest,36.8,0.4914
1976,Wyoming,WY,West,40.3,0.5983
1980,Alabama,AL,South,30.3,0.5068
1980,Alaska,AK,West,59,0.673
1980,Arizona,AZ,West,36.8,0.6821
1980,Arkansas,AR,South,28.9,0.5032
1980,California,CA,West,45.5,0.5947
1980,Colorado,CO,West,42,0.6393
1980,Connecticut,CT,Northeast,47.1,0.5556
1980,Delaware,DE,South,41.2,0.5127
1980,Florida,FL,South,38.7,0.5905
1980,Georgia,GA,South,32.8,0.4234
1980,Hawaii,HI,West,45.2,0.4892
1980,Idaho,ID,West,33.7,0.7251
1980,Illinois,IL,Midwest,41.7,0.5434
1980,Indiana,IN,Midwest,35.7,0.598
1980,Iowa,IA,Midwest,36.6,0.5706
1980,Kansas,KS,Midwest,38.4,0.6348
1980,Kentucky,KY,South,31,0.5071
1980,Louisiana,LA,South,33.7,0.5281
1980,Maine,ME,Northeast,32.6,0.5191
1980,Maryland,MD,South,43.7,0.4838
1980,Massachusetts,MA,Northeast,40.7,0.5009
1980,Michigan,MI,Midwest,39,0.5355
1980,Minnesota,MN,Midwest,39.2,0.4779
1980,Mississippi,MS,South,27.3,0.5068
1980,Missouri,MO,Midwest,35.7,0.5357
1980,Montana,MT,West,34.8,0.6367
1980,Nebraska,NE,Midwest,35.8,0.7158
1980,Nevada,NV,West,45.5,0.6993
1980,New Hampshire,NH,Northeast,38.2,0.6707
1980,New Jersey,NJ,Northeast,45,0.5741
1980,New Mexico,NM,West,32.9,0.5991
1980,New York,NY,Northeast,41.9,0.5147
1980,North Carolina,NC,South,31.8,0.511
1980,North Dakota,ND,Midwest,30.7,0.7098
1980,Ohio,OH,Midwest,37.8,0.5574
1980,Oklahoma,OK,South,36.7,0.6337
1980,Oregon,OR,West,39,0.5555
1980,Pennsylvania,PA,Northeast,38.2,0.5386
1980,Rhode Island,RI,Northeast,37.7,0.4383
1980,South Carolina,SC,South,30.3,0.5064
1980,South Dakota,SD,Midwest,31.5,0.6563
1980,Tennessee,TN,South,31.5,0.5015
1980,Texas,TX,South,38,0.5717
1980,Utah,UT,West,31.9,0.7797
1980,Vermont,VT,Northeast,33.5,0.5359
1980,Virginia,VA,South,40.3,0.5682
1980,Washington,WA,West,42.4,0.571
1980,West Virginia,WV,South,30.5,0.4763
1980,Wisconsin,WI,Midwest,38.2,0.5259
1980,Wyoming,WY,West,44.2,0.6913
1984,Alabama,AL,South,32.7,0.6126
1984,Alaska,AK,West,59.4,0.6906
1984,Arizona,AZ,West,39.4,0.6712
1984,Arkansas,AR,South,31.8,0.6123
1984,California,CA,West,47.9,0.5822
1984,Colorado,CO,West,45.3,0.6437
1984,Connecticut,CT,Northeast,52.9,0.61
1984,Delaware,DE,South,44.2,0.5995
1984,Florida,FL,South,42,0.6533
1984,Georgia,GA,South,37.1,0.602
1984,Hawaii,HI,West,45.4,0.557
1984,Idaho,ID,West,34.4,0.7328
1984,Illinois,IL,Midwest,44.6,0.5647
1984,Indiana,IN,Midwest,37.6,0.6207
1984,Iowa,IA,Midwest,39,0.5372
1984,Kansas,KS,Midwest,41.7,0.6703
1984,Kentucky,KY,South,33.5,0.6036
1984,Louisiana,LA,South,35.3,0.6142
1984,Maine,ME,Northeast,35.9,0.6107
1984,Maryland,MD,South,48.1,0.5276
1984,Massachusetts,MA,Northeast,47.4,0.514
1984,Michigan,MI,Midwest,41,0.5955
1984,Minnesota,MN,Midwest,43.3,0.4991
1984,Mississippi,MS,South,28.7,0.6232
1984,Missouri,MO,Midwest,39.5,0.6002
1984,Montana,MT,West,35.3,0.613
1984,Nebraska,NE,Midwest,40.3,0.71
1984,Nevada,NV,West,44.5,0.6732
1984,New Hampshire,NH,Northeast,44.3,0.6893
1984,New Jersey,NJ,Northeast,50.4,0.6052
1984,New Mexico,NM,West,35,0.6035
1984,New York,NY,Northeast,47.5,0.5402
1984,North Carolina,NC,South,35.8,0.6203
1984,North Dakota,ND,Midwest,37.5,0.6573
1984,Ohio,OH,Midwest,40.1,0.5947
1984,Oklahoma,OK,South,38.5,0.6911
1984,Oregon,OR,West,39.1,0.561
1984,Pennsylvania,PA,Northeast,40.6,0.537
1984,Rhode Island,RI,Northeast,41.9,0.5183
1984,South Carolina,SC,South,33.3,0.6412
1984,South Dakota,SD,Midwest,35.8,0.633
1984,Tennessee,TN,South,34.4,0.5818
1984,Texas,TX,South,40.8,0.6379
1984,Utah,UT,West,33.1,0.7512
1984,Vermont,VT,Northeast,37.1,0.5866
1984,Virginia,VA,South,44.1,0.6268
1984,Washington,WA,West,43.3,0.5685
1984,West Virginia,WV,South,31.2,0.5527
1984,Wisconsin,WI,Midwest,40.1,0.5462
1984,Wyoming,WY,West,40.9,0.714
1988,Alabama,AL,South,36.6,0.5975
1988,Alaska,AK,West,54.1,0.6216
1988,Arizona,AZ,West,42.5,0.6074
1988,Arkansas,AR,South,34.5,0.5719
1988,California,CA,West,52,0.5181
1988,Colorado,CO,West,46.7,0.5395
1988,Connecticut,CT,Northeast,62.9,0.5258
1988,Delaware,DE,South,50.2,0.5624
1988,Florida,FL,South,46.6,0.6125
1988,Georgia,GA,South,42.3,0.602
1988,Hawaii,HI,West,50.3,0.4519
1988,Idaho,ID,West,37,0.6329
1988,Illinois,IL,Midwest,49.5,0.5105
1988,Indiana,IN,Midwest,41.5,0.6013
1988,Iowa,IA,Midwest,40.9,0.4485
1988,Kansas,KS,Midwest,43.8,0.5673
1988,Kentucky,KY,South,36.4,0.5585
1988,Louisiana,LA,South,35.1,0.5519
1988,Maine,ME,Northeast,42.4,0.5577
1988,Maryland,MD,South,55.1,0.5146
1988,Massachusetts,MA,Northeast,56.6,0.4602
1988,Michigan,MI,Midwest,45.3,0.5398
1988,Minnesota,MN,Midwest,46.5,0.4645
1988,Mississippi,MS,South,31.1,0.6052
1988,Missouri,MO,Midwest,42.8,0.52
1988,Montana,MT,West,35.4,0.5299
1988,Nebraska,NE,Midwest,43.4,0.6055
1988,Nevada,NV,West,48.9,0.6082
1988,New Hampshire,NH,Northeast,52.2,0.6323
1988,New Jersey,NJ,Northeast,58.6,0.569
1988,New Mexico,NM,West,36.3,0.5251
1988,New York,NY,Northeast,55.2,0.4793
1988,North Carolina,NC,South,41.1,0.5816
1988,North Dakota,ND,Midwest,34.2,0.566
1988,Ohio,OH,Midwest,43.8,0.5547
1988,Oklahoma,OK,South,38.2,0.5839
1988,Oregon,OR,West,42.3,0.4762
1988,Pennsylvania,PA,Northeast,45.5,0.5117
1988,Rhode Island,RI,Northeast,48.5,0.4412
1988,South Carolina,SC,South,37.5,0.6207
1988,South Dakota,SD,Midwest,37,0.5319
1988,Tennessee,TN,South,39.4,0.5822
1988,Texas,TX,South,41.1,0.5635
1988,Utah,UT,West,35,0.6739
1988,Vermont,VT,Northeast,43.3,0.5178
1988,Virginia,VA,South,50,0.6036
1988,Washington,WA,West,46.7,0.4919
1988,West Virginia,WV,South,33.7,0.4762
1988,Wisconsin,WI,Midwest,43.1,0.4818
1988,Wyoming,WY,West,39.9,0.6142
1992,Alabama,AL,South,39.3,0.5382
1992,Alaska,AK,West,54.2,0.5657
1992,Arizona,AZ,West,40.9,0.513
1992,Arkansas,AR,South,36.7,0.4001
1992,California,CA,West,50.7,0.4148
1992,Colorado,CO,West,48.3,0.472
1992,Connecticut,CT,Northeast,63.8,0.4587
1992,Delaware,DE,South,51,0.448
1992,Florida,FL,South,46.5,0.512
1992,Georgia,GA,South,43.3,0.4966
1992,Hawaii,HI,West,54.8,0.4328
1992,Idaho,ID,West,39.4,0.5966
1992,Illinois,IL,Midwest,50.8,0.4141
1992,Indiana,IN,Midwest,43.4,0.5383
1992,Iowa,IA,Midwest,42.6,0.4627
1992,Kansas,KS,Midwest,45,0.5354
1992,Kentucky,KY,South,38.9,0.4813
1992,Louisiana,LA,South,38.1,0.4733
1992,Maine,ME,Northeast,42.1,0.4394
1992,Maryland,MD,South,54.8,0.417
1992,Massachusetts,MA,Northeast,55,0.3791
1992,Michigan,MI,Midwest,45.3,0.4538
1992,Minnesota,MN,Midwest,48.2,0.4228
1992,Mississippi,MS,South,33.3,0.5493
1992,Missouri,MO,Midwest,43.7,0.4349
1992,Montana,MT,West,37.9,0.4828
1992,Nebraska,NE,Midwest,44.7,0.6131
1992,Nevada,NV,West,50.4,0.4818
1992,New Hampshire,NH,Northeast,49.9,0.492
1992,New Jersey,NJ,Northeast,59.7,0.4858
1992,New Mexico,NM,West,37.5,0.4486
1992,New York,NY,Northeast,56,0.4052
1992,North Carolina,NC,South,43,0.5046
1992,North Dakota,ND,Midwest,39.9,0.5787
1992,Ohio,OH,Midwest,44.8,0.4883
1992,Oklahoma,OK,South,38.9,0.5562
1992,Oregon,OR,West,43.7,0.4337
1992,Pennsylvania,PA,Northeast,47.5,0.4445
1992,Rhode Island,RI,Northeast,47.6,0.3816
1992,South Carolina,SC,South,38.7,0.5236
1992,South Dakota,SD,Midwest,40.6,0.5226
1992,Tennessee,TN,South,41.6,0.474
1992,Texas,TX,South,42.3,0.5224
1992,Utah,UT,West,36.6,0.6375
1992,Vermont,VT,Northeast,43.8,0.3975
1992,Virginia,VA,South,50.1,0.5256
1992,Washington,WA,West,49.7,0.4241
1992,West Virginia,WV,South,36.4,0.4223
1992,Wisconsin,WI,Midwest,45.1,0.4721
1992,Wyoming,WY,West,43.7,0.5379
1996,Alabama,AL,South,41.2,0.5373
1996,Alaska,AK,West,53.8,0.6043
1996,Arizona,AZ,West,43.4,0.4878
1996,Arkansas,AR,South,38.9,0.4065
1996,California,CA,West,51.7,0.4278
1996,Colorado,CO,West,52.5,0.5076
1996,Connecticut,CT,Northeast,66.2,0.3964
1996,Delaware,DE,South,52.4,0.4138
1996,Florida,FL,South,48.9,0.4684
1996,Georgia,GA,South,46.9,0.5063
1996,Hawaii,HI,West,51.2,0.3572
1996,Idaho,ID,West,42,0.608
1996,Illinois,IL,Midwest,54,0.4039
1996,Indiana,IN,Midwest,46.1,0.5315
1996,Iowa,IA,Midwest,46.3,0.4427
1996,Kansas,KS,Midwest,47.3,0.6007
1996,Kentucky,KY,South,40.6,0.4947
1996,Louisiana,LA,South,40.7,0.4344
1996,Maine,ME,Northeast,44.2,0.3734
1996,Maryland,MD,South,56.1,0.4136
1996,Massachusetts,MA,Northeast,59,0.3136
1996,Michigan,MI,Midwest,49.5,0.4268
1996,Minnesota,MN,Midwest,51.8,0.4062
1996,Mississippi,MS,South,36.7,0.5275
1996,Missouri,MO,Midwest,46.5,0.4645
1996,Montana,MT,West,38.8,0.5169
1996,Nebraska,NE,Midwest,48.6,0.6055
1996,Nevada,NV,West,53.2,0.4941
1996,New Hampshire,NH,Northeast,52.6,0.4439
1996,New Jersey,NJ,Northeast,62,0.4003
1996,New Mexico,NM,West,39.6,0.4598
1996,New York,NY,Northeast,57.8,0.3398
1996,North Carolina,NC,South,46,0.5253
1996,North Dakota,ND,Midwest,43.2,0.5391
1996,Ohio,OH,Midwest,47.4,0.464
1996,Oklahoma,OK,South,40.2,0.544
1996,Oregon,OR,West,47.8,0.4531
1996,Pennsylvania,PA,Northeast,49.4,0.4484
1996,Rhode Island,RI,Northeast,49.2,0.31
1996,South Carolina,SC,South,41.4,0.5311
1996,South Dakota,SD,Midwest,44.2,0.5193
1996,Tennessee,TN,South,44.5,0.4871
1996,Texas,TX,South,44.7,0.5266
1996,Utah,UT,West,40.3,0.6202
1996,Vermont,VT,Northeast,45.6,0.3682
1996,Virginia,VA,South,51.9,0.5106
1996,Washington,WA,West,51.7,0.4281
1996,West Virginia,WV,South,37.5,0.4165
1996,Wisconsin,WI,Midwest,48.2,0.4408
1996,Wyoming,WY,West,45.2,0.5749
2000,Alabama,AL,South,44.2,0.5761
2000,Alaska,AK,West,58.3,0.6794
2000,Arizona,AZ,West,47.9,0.5328
2000,Arkansas,AR,South,41.4,0.528
2000,California,CA,West,60.4,0.438
2000,Colorado,CO,West,61.7,0.5449
2000,Connecticut,CT,Northeast,78.1,0.4074
2000,Delaware,DE,South,61.6,0.4326
2000,Florida,FL,South,53.5,0.5
2000,Georgia,GA,South,52.4,0.5598
2000,Hawaii,HI,West,53.1,0.4017
2000,Idaho,ID,West,45.8,0.7085
2000,Illinois,IL,Midwest,60.3,0.4382
2000,Indiana,IN,Midwest,51.1,0.58
2000,Iowa,IA,Midwest,49.8,0.4984
2000,Kansas,KS,Midwest,51.3,0.6092
2000,Kentucky,KY,South,45.2,0.5773
2000,Louisiana,LA,South,43.6,0.5394
2000,Maine,ME,Northeast,50.1,0.4725
2000,Maryland,MD,South,64.6,0.4157
2000,Massachusetts,MA,Northeast,69.9,0.3521
2000,Michigan,MI,Midwest,55.1,0.4737
2000,Minnesota,MN,Midwest,58.9,0.4871
2000,Mississippi,MS,South,39.4,0.5861
2000,Missouri,MO,Midwest,50.7,0.5171
2000,Montana,MT,West,41.9,0.6366
2000,Nebraska,NE,Midwest,52.7,0.6518
2000,Nevada,NV,West,58,0.5186
2000,New Hampshire,NH,Northeast,64.4,0.5067
2000,New Jersey,NJ,Northeast,71.2,0.4179
2000,New Mexico,NM,West,41.9,0.4997
2000,New York,NY,Northeast,65.5,0.3691
2000,North Carolina,NC,South,49.9,0.5646
2000,North Dakota,ND,Midwest,47.1,0.6473
2000,Ohio,OH,Midwest,51.9,0.5184
2000,Oklahoma,OK,South,43.9,0.6108
2000,Oregon,OR,West,51.5,0.4976
2000,Pennsylvania,PA,Northeast,55.3,0.4785
2000,Rhode Island,RI,Northeast,55.3,0.3435
2000,South Carolina,SC,South,45.6,0.5816
2000,South Dakota,SD,Midwest,48.7,0.6161
2000,Tennessee,TN,South,49.2,0.5196
2000,Texas,TX,South,51.5,0.6096
2000,Utah,UT,West,44,0.7173
2000,Vermont,VT,Northeast,52.8,0.4456
2000,Virginia,VA,South,59.4,0.5415
2000,Washington,WA,West,59.3,0.4706
2000,West Virginia,WV,South,40.6,0.5324
2000,Wisconsin,WI,Midwest,53.7,0.4988
2000,Wyoming,WY,West,53.6,0.7098
2004,Alabama,AL,South,47.1,0.629
2004,Alaska,AK,West,61.5,0.6323
2004,Arizona,AZ,West,50.1,0.5528
2004,Arkansas,AR,South,44.9,0.5494
2004,California,CA,West,61.4,0.4496
2004,Colorado,CO,West,59.4,0.5237
2004,Connecticut,CT,Northeast,78.2,0.4473
2004,Delaware,DE,South,64.5,0.4617
2004,Florida,FL,South,56,0.5252
2004,Georgia,GA,South,53.1,0.5835
2004,Hawaii,HI,West,57,0.456
2004,Idaho,ID,West,47,0.6932
2004,Illinois,IL,Midwest,60.4,0.4479
2004,Indiana,IN,Midwest,50.9,0.6042
2004,Iowa,IA,Midwest,52.5,0.5034
2004,Kansas,KS,Midwest,51.1,0.6287
2004,Kentucky,KY,South,46.5,0.6001
2004,Louisiana,LA,South,46.5,0.5733
2004,Maine,ME,Northeast,53.3,0.4542
2004,Maryland,MD,South,68.9,0.4343
2004,Massachusetts,MA,Northeast,70.1,0.3726
2004,Michigan,MI,Midwest,53.3,0.4827
2004,Minnesota,MN,Midwest,61.6,0.4824
2004,Mississippi,MS,South,42,0.595
2004,Missouri,MO,Midwest,52.1,0.5362
2004,Montana,MT,West,46.6,0.605
2004,Nebraska,NE,Midwest,55.6,0.6685
2004,Nevada,NV,West,58.4,0.5132
2004,New Hampshire,NH,Northeast,65.3,0.4931
2004,New Jersey,NJ,Northeast,71.1,0.4663
2004,New Mexico,NM,West,45.4,0.504
2004,New York,NY,Northeast,64.9,0.4071
2004,North Carolina,NC,South,50.8,0.5624
2004,North Dakota,ND,Midwest,49.8,0.6391
2004,Ohio,OH,Midwest,52.5,0.5106
2004,Oklahoma,OK,South,48.5,0.6557
2004,Oregon,OR,West,51.4,0.4789
2004,Pennsylvania,PA,Northeast,57.9,0.4874
2004,Rhode Island,RI,Northeast,59.6,0.3942
2004,South Carolina,SC,South,46.3,0.5864
2004,South Dakota,SD,Midwest,52.9,0.6091
2004,Tennessee,TN,South,50.5,0.5719
2004,Texas,TX,South,51.6,0.6151
2004,Utah,UT,West,44.8,0.7335
2004,Vermont,VT,Northeast,56.4,0.397
2004,Virginia,VA,South,63.2,0.5413
2004,Washington,WA,West,60.3,0.4635
2004,West Virginia,WV,South,42.6,0.5648
2004,Wisconsin,WI,Midwest,55.3,0.4981
2004,Wyoming,WY,West,59.6,0.7031
2008,Alabama,AL,South,48.7,0.6089
2008,Alaska,AK,West,69.7,0.6106
2008,Arizona,AZ,West,51.9,0.5431
2008,Arkansas,AR,South,46.9,0.6017
2008,California,CA,West,63.2,0.3772
2008,Colorado,CO,West,62.6,0.4545
2008,Connecticut,CT,Northeast,88.2,0.3868
2008,Delaware,DE,South,60.1,0.3736
2008,Florida,FL,South,57.1,0.4858
2008,Georgia,GA,South,51.4,0.5263
2008,Hawaii,HI,West,61,0.2701
2008,Idaho,ID,West,47.6,0.6302
2008,Illinois,IL,Midwest,63,0.3727
2008,Indiana,IN,Midwest,51.4,0.4948
2008,Iowa,IA,Midwest,56.1,0.4515
2008,Kansas,KS,Midwest,59.8,0.5761
2008,Kentucky,KY,South,47.8,0.5823
2008,Louisiana,LA,South,55.9,0.5946
2008,Maine,ME,Northeast,53.9,0.4117
2008,Maryland,MD,South,71.4,0.3707
2008,Massachusetts,MA,Northeast,75.1,0.368
2008,Michigan,MI,Midwest,52.2,0.4163
2008,Minnesota,MN,Midwest,62.6,0.4477
2008,Mississippi,MS,South,44.8,0.5664
2008,Missouri,MO,Midwest,54.1,0.5007
2008,Montana,MT,West,51.8,0.5117
2008,Nebraska,NE,Midwest,58.7,0.5761
2008,Nevada,NV,West,56.3,0.4361
2008,New Hampshire,NH,Northeast,66.6,0.4513
2008,New Jersey,NJ,Northeast,75.2,0.4214
2008,New Mexico,NM,West,48.9,0.4234
2008,New York,NY,Northeast,69.8,0.3642
2008,North Carolina,NC,South,55,0.4983
2008,North Dakota,ND,Midwest,59.7,0.5441
2008,Ohio,OH,Midwest,53.4,0.4767
2008,Oklahoma,OK,South,57.1,0.6565
2008,Oregon,OR,West,53.7,0.4159
2008,Pennsylvania,PA,Northeast,60.4,0.4477
2008,Rhode Island,RI,Northeast,60.5,0.358
2008,South Carolina,SC,South,48.3,0.5454
2008,South Dakota,SD,Midwest,59.6,0.543
2008,Tennessee,TN,South,50.9,0.5763
2008,Texas,TX,South,58.1,0.5594
2008,Utah,UT,West,49.2,0.6453
2008,Vermont,VT,Northeast,59.4,0.311
2008,Virginia,VA,South,66.1,0.4682
2008,Washington,WA,West,64.3,0.4125
2008,West Virginia,WV,South,45.9,0.5667
2008,Wisconsin,WI,Midwest,56.6,0.4294
2008,Wyoming,WY,West,72.1,0.6656
2012,Alabama,AL,South,48.6,0.6122
2012,Alaska,AK,West,72.9,0.5732
2012,Arizona,AZ,West,49.7,0.5461
2012,Arkansas,AR,South,49.6,0.6215
2012,California,CA,West,65.3,0.3813
2012,Colorado,CO,West,62.2,0.4725
2012,Connecticut,CT,Northeast,86.8,0.4123
2012,Delaware,DE,South,59.8,0.4055
2012,Florida,FL,South,56.3,0.4956
2012,Georgia,GA,South,50.9,0.5396
2012,Hawaii,HI,West,59.5,0.283
2012,Idaho,ID,West,47.6,0.6642
2012,Illinois,IL,Midwest,62.8,0.4142
2012,Indiana,IN,Midwest,53.5,0.552
2012,Iowa,IA,Midwest,58.1,0.4704
2012,Kansas,KS,Midwest,61.4,0.6111
2012,Kentucky,KY,South,48.7,0.6154
2012,Louisiana,LA,South,55.6,0.5875
2012,Maine,ME,Northeast,54.6,0.4214
2012,Maryland,MD,South,71.7,0.3668
2012,Massachusetts,MA,Northeast,76.9,0.3821
2012,Michigan,MI,Midwest,53.3,0.452
2012,Minnesota,MN,Midwest,64.8,0.4606
2012,Mississippi,MS,South,45.7,0.558
2012,Missouri,MO,Midwest,54.6,0.5478
2012,Montana,MT,West,55,0.5703
2012,Nebraska,NE,Midwest,63.4,0.6113
2012,Nevada,NV,West,54.2,0.4659
2012,New Hampshire,NH,Northeast,69.3,0.4717
2012,New Jersey,NJ,Northeast,74.1,0.4105
2012,New Mexico,NM,West,48.8,0.447
2012,New York,NY,Northeast,71.9,0.3572
2012,North Carolina,NC,South,53.1,0.5103
2012,North Dakota,ND,Midwest,76.6,0.6011
2012,Ohio,OH,Midwest,55,0.4849
2012,Oklahoma,OK,South,57.3,0.6677
2012,Oregon,OR,West,53.5,0.4373
2012,Pennsylvania,PA,Northeast,62.4,0.4727
2012,Rhode Island,RI,Northeast,61.9,0.3598
2012,South Carolina,SC,South,48.9,0.5531
2012,South Dakota,SD,Midwest,61.5,0.5922
2012,Tennessee,TN,South,53.4,0.6035
2012,Texas,TX,South,59.9,0.5801
2012,Utah,UT,West,48.7,0.7463
2012,Vermont,VT,Northeast,61.3,0.3175
2012,Virginia,VA,South,67,0.4803
2012,Washington,WA,West,64.3,0.4237
2012,West Virginia,WV,South,48.1,0.6367
2012,Wisconsin,WI,Midwest,58.3,0.4654
2012,Wyoming,WY,West,73.2,0.7116
2016,Alabama,AL,South,50.6,0.6437
2016,Alaska,AK,West,72.6,0.5839
2016,Arizona,AZ,West,53.8,0.5189
2016,Arkansas,AR,South,52.5,0.6429
2016,California,CA,West,73,0.3387
2016,Colorado,CO,West,67.1,0.4732
2016,Connecticut,CT,Northeast,88.3,0.4286
2016,Delaware,DE,South,63,0.44
2016,Florida,FL,South,59.8,0.5062
2016,Georgia,GA,South,55.9,0.5266
2016,Hawaii,HI,West,63.5,0.3256
2016,Idaho,ID,West,51.8,0.6831
2016,Illinois,IL,Midwest,67.1,0.4098
2016,Indiana,IN,Midwest,56.4,0.6012
2016,Iowa,IA,Midwest,59.7,0.5506
2016,Kansas,KS,Midwest,61.1,0.6111
2016,Kentucky,KY,South,51.4,0.6567
2016,Louisiana,LA,South,55.1,0.6017
2016,Maine,ME,Northeast,57.8,0.484
2016,Maryland,MD,South,74,0.3599
2016,Massachusetts,MA,Northeast,83,0.3535
2016,Michigan,MI,Midwest,57.6,0.5012
2016,Minnesota,MN,Midwest,67.9,0.4917
2016,Mississippi,MS,South,46.6,0.5909
2016,Missouri,MO,Midwest,57.3,0.5982
2016,Montana,MT,West,56.6,0.6111
2016,Nebraska,NE,Midwest,63.6,0.6355
2016,Nevada,NV,West,58.4,0.4871
2016,New Hampshire,NH,Northeast,72.8,0.498
2016,New Jersey,NJ,Northeast,78.1,0.4272
2016,New Mexico,NM,West,50.3,0.4535
2016,New York,NY,Northeast,76.3,0.3823
2016,North Carolina,NC,South,55.7,0.519
2016,North Dakota,ND,Midwest,67,0.6981
2016,Ohio,OH,Midwest,58.3,0.5427
2016,Oklahoma,OK,South,55,0.693
2016,Oregon,OR,West,59.4,0.4384
2016,Pennsylvania,PA,Northeast,66.1,0.5038
2016,Rhode Island,RI,Northeast,63.4,0.4169
2016,South Carolina,SC,South,53.3,0.5746
2016,South Dakota,SD,Midwest,63.1,0.6597
2016,Tennessee,TN,South,56.1,0.6362
2016,Texas,TX,South,60,0.5471
2016,Utah,UT,West,54,0.6238
2016,Vermont,VT,Northeast,63.8,0.3481
2016,Virginia,VA,South,68.8,0.4717
2016,Washington,WA,West,71,0.4121
2016,West Virginia,WV,South,48.5,0.7216
2016,Wisconsin,WI,Midwest,60.9,0.5041
2016,Wyoming,WY,West,69.8,0.7571
2020,Alabama,AL,South,55.6,0.6291
2020,Alaska,AK,West,75,0.5526
2020,Arizona,AZ,West,63.1,0.4984
2020,Arkansas,AR,South,57.1,0.6421
2020,California,CA,West,84.9,0.3509
2020,Colorado,CO,West,78.4,0.4306
2020,Connecticut,CT,Northeast,93.1,0.398
2020,Delaware,DE,South,67.3,0.4037
2020,Florida,FL,South,68.6,0.5169
2020,Georgia,GA,South,62.4,0.4988
2020,Hawaii,HI,West,69.1,0.3497
2020,Idaho,ID,West,60.3,0.6588
2020,Illinois,IL,Midwest,74.6,0.4134
2020,Indiana,IN,Midwest,62.7,0.582
2020,Iowa,IA,Midwest,63.8,0.5418
2020,Kansas,KS,Midwest,66.9,0.5749
2020,Kentucky,KY,South,57.1,0.632
2020,Louisiana,LA,South,60.8,0.5946
2020,Maine,ME,Northeast,65.8,0.4533
2020,Maryland,MD,South,78.6,0.3297
2020,Massachusetts,MA,Northeast,94,0.3288
2020,Michigan,MI,Midwest,64,0.4859
2020,Minnesota,MN,Midwest,74.4,0.4636
2020,Mississippi,MS,South,51.5,0.5838
2020,Missouri,MO,Midwest,63.3,0.5784
2020,Montana,MT,West,64.9,0.584
2020,Nebraska,NE,Midwest,69,0.5978
2020,Nevada,NV,West,66.3,0.4878
2020,New Hampshire,NH,Northeast,81.9,0.4625
2020,New Jersey,NJ,Northeast,85.4,0.4193
2020,New Mexico,NM,West,56.4,0.4448
2020,New York,NY,Northeast,85.3,0.3828
2020,North Carolina,NC,South,62.8,0.5068
2020,North Dakota,ND,Midwest,73.2,0.6722
2020,Ohio,OH,Midwest,64,0.5408
2020,Oklahoma,OK,South,60.6,0.6694
2020,Oregon,OR,West,68.7,0.4169
2020,Pennsylvania,PA,Northeast,73.1,0.4941
2020,Rhode Island,RI,Northeast,71.8,0.394
2020,South Carolina,SC,South,59.1,0.5593
2020,South Dakota,SD,Midwest,72.2,0.6343
2020,Tennessee,TN,South,63,0.6183
2020,Texas,TX,South,66.4,0.5283
2020,Utah,UT,West,62.7,0.6069
2020,Vermont,VT,Northeast,70.5,0.317
2020,Virginia,VA,South,74.5,0.4485
2020,Washington,WA,West,82,0.4007
2020,West Virginia,WV,South,54.4,0.698
2020,Wisconsin,WI,Midwest,67.3,0.4968
2020,Wyoming,WY,West,78.9,0.7248
2024,Alabama,AL,South,57.3,0.6544
2024,Alaska,AK,West,76.6,0.5685
2024,Arizona,AZ,West,66,0.5279
2024,Arkansas,AR,South,59.2,0.6567
2024,California,CA,West,86.4,0.396
2024,Colorado,CO,West,82.6,0.4435
2024,Connecticut,CT,Northeast,95.1,0.4262
2024,Delaware,DE,South,68.2,0.4252
2024,Florida,FL,South,73.3,0.5661
2024,Georgia,GA,South,62.9,0.511
2024,Hawaii,HI,West,71.6,0.3822
2024,Idaho,ID,West,62.3,0.6876
2024,Illinois,IL,Midwest,74.6,0.4443
2024,Indiana,IN,Midwest,64,0.5965
2024,Iowa,IA,Midwest,65.4,0.5672
2024,Kansas,KS,Midwest,66,0.5821
2024,Kentucky,KY,South,58.3,0.6551
2024,Louisiana,LA,South,61.7,0.6118
2024,Maine,ME,Northeast,68.8,0.4646
2024,Maryland,MD,South,79.5,0.3525
2024,Massachusetts,MA,Northeast,93.6,0.3704
2024,Michigan,MI,Midwest,63.9,0.5072
2024,Minnesota,MN,Midwest,75.5,0.4783
2024,Mississippi,MS,South,51.9,0.6157
2024,Missouri,MO,Midwest,64.9,0.5934
2024,Montana,MT,West,69.2,0.6029
2024,Nebraska,NE,Midwest,72.7,0.6042
2024,Nevada,NV,West,70.1,0.5158
2024,New Hampshire,NH,Northeast,83.2,0.4859
2024,New Jersey,NJ,Northeast,84.8,0.4699
2024,New Mexico,NM,West,58.3,0.4693
2024,New York,NY,Northeast,85,0.4366
2024,North Carolina,NC,South,65.6,0.5163
2024,North Dakota,ND,Midwest,72,0.687
2024,Ohio,OH,Midwest,64.6,0.5566
2024,Oklahoma,OK,South,63.7,0.6747
2024,Oregon,OR,West,70.9,0.4257
2024,Pennsylvania,PA,Northeast,70.9,0.5086
2024,Rhode Island,RI,Northeast,70.7,0.4292
2024,South Carolina,SC,South,60.6,0.5906
2024,South Dakota,SD,Midwest,75.5,0.6495
2024,Tennessee,TN,South,66.3,0.6506
2024,Texas,TX,South,69.8,0.5694
2024,Utah,UT,West,67.3,0.6111
2024,Vermont,VT,Northeast,71.5,0.3361
2024,Virginia,VA,South,77.3,0.4705
2024,Washington,WA,West,85.5,0.4054
2024,West Virginia,WV,South,55.4,0.7134
2024,Wisconsin,WI,Midwest,67.8,0.5044
2024,Wyoming,WY,West,86.6,0.7348
