student_id_num,question_id_num,correct_answer
1,1,1
1,2,1
1,3,1
1,4,1
1,5,1
1,6,1
1,7,1
1,8,1
1,9,1
1,10,1
1,11,1
1,12,1
1,13,1
1,14,1
1,15,0
1,16,1
1,17,1
1,18,1
1,19,1
1,20,1
1,21,1
1,22,1
1,23,1
1,24,1
1,25,1
1,26,1
1,27,1
1,28,1
1,29,1
1,30,1
1,31,1
1,32,1
1,33,1
1,34,1
1,35,1
1,36,0
1,37,1
1,38,1
1,39,1
1,40,1
1,41,1
1,42,1
1,43,1
1,44,0
1,45,1
1,46,0
1,47,1
1,48,1
1,49,1
1,50,1
1,51,1
1,52,1
1,53,0
1,54,1
1,55,1
2,1,0
2,2,1
2,3,1
2,4,1
2,5,1
2,6,0
2,7,0
2,8,1
2,9,0
2,10,0
2,11,0
2,12,1
2,13,0
2,14,1
2,15,0
2,16,0
2,17,0
2,18,0
2,19,1
2,20,0
2,21,0
2,22,0
2,23,1
2,24,1
2,25,0
2,26,1
2,27,1
2,28,0
2,29,1
2,30,0
2,31,1
2,32,1
2,33,1
2,34,1
2,35,0
2,36,1
2,37,1
2,38,1
2,39,1
2,40,0
2,41,1
2,42,1
2,43,0
2,44,1
2,45,1
2,46,0
2,47,1
2,48,0
2,49,0
2,50,1
2,51,0
2,52,1
2,53,0
2,54,1
2,55,0
3,1,1
3,2,1
3,3,1
3,4,1
3,5,1
3,6,1
3,7,1
3,8,1
3,9,0
3,10,1
3,11,1
3,12,1
3,13,1
3,14,1
3,15,0
3,16,1
3,17,1
3,18,1
3,19,1
3,20,1
3,21,0
3,22,1
3,23,1
3,24,1
3,25,1
3,26,1
3,27,0
3,28,1
3,29,1
3,30,1
3,31,1
3,32,1
3,33,1
3,34,1
3,35,0
3,36,1
3,37,1
3,38,1
3,39,1
3,40,1
3,41,1
3,42,0
3,43,0
3,44,0
3,45,0
3,46,0
3,47,1
3,48,0
3,49,0
3,50,1
3,51,0
3,52,1
3,53,1
3,54,1
3,55,1
4,1,1
4,2,1
4,3,1
4,4,1
4,5,0
4,6,1
4,7,1
4,8,1
4,9,1
4,10,0
4,11,1
4,12,1
4,13,0
4,14,1
4,15,1
4,16,1
4,17,1
4,18,0
4,19,1
4,20,0
4,21,1
4,22,1
4,23,1
4,24,0
4,25,0
4,26,0
4,27,0
4,28,1
4,29,1
4,30,1
4,31,1
4,32,1
4,33,1
4,34,1
4,35,1
4,36,1
4,37,1
4,38,0
4,39,1
4,40,1
4,41,1
4,42,1
4,43,0
4,44,0
4,45,1
4,46,1
4,47,1
4,48,1
4,49,0
4,50,1
4,51,1
4,52,0
4,53,1
4,54,1
4,55,0
5,1,1
5,2,1
5,3,0
5,4,1
5,5,1
5,6,1
5,7,1
5,8,1
5,9,1
5,10,1
5,11,1
5,12,1
5,13,1
5,14,1
5,15,1
5,16,1
5,17,1
5,18,1
5,19,1
5,20,1
5,21,1
5,22,1
5,23,1
5,24,1
5,25,1
5,26,1
5,27,1
5,28,1
5,29,1
5,30,1
5,31,1
5,32,1
5,33,1
5,34,1
5,35,1
5,36,1
5,37,1
5,38,1
5,39,1
5,40,1
5,41,1
5,42,1
5,43,1
5,44,1
5,45,1
5,46,1
5,47,1
5,48,1
5,49,0
5,50,1
5,51,1
5,52,1
5,53,1
5,54,1
5,55,1
6,1,1
6,2,1
6,3,1
6,4,1
6,5,1
6,6,1
6,7,1
6,8,0
6,9,0
6,10,1
6,11,1
6,12,0
6,13,1
6,14,1
6,15,0
6,16,1
6,17,1
6,18,1
6,19,1
6,20,1
6,21,1
6,22,1
6,23,1
6,24,1
6,25,1
6,26,1
6,27,1
6,28,0
6,29,0
6,30,1
6,31,1
6,32,1
6,33,1
6,34,1
6,35,1
6,36,1
6,37,1
6,38,0
6,39,0
6,40,1
6,41,1
6,42,1
6,43,1
6,44,0
6,45,1
6,46,1
6,47,1
6,48,1
6,49,0
6,50,1
6,51,1
6,52,1
6,53,1
6,54,1
6,55,1
7,1,1
7,2,1
7,3,1
7,4,1
7,5,1
7,6,1
7,7,1
7,8,1
7,9,1
7,10,1
7,11,1
7,12,0
7,13,1
7,14,1
7,15,0
7,16,0
7,17,1
7,18,0
7,19,1
7,20,1
7,21,1
7,22,1
7,23,1
7,24,1
7,25,1
7,26,1
7,27,0
7,28,0
7,29,1
7,30,1
7,31,1
7,32,1
7,33,1
7,34,1
7,35,1
7,36,1
7,37,1
7,38,1
7,39,0
7,40,1
7,41,1
7,42,1
7,43,1
7,44,0
7,45,1
7,46,1
7,47,1
7,48,1
7,49,1
7,50,1
7,51,1
7,52,0
7,53,0
7,54,1
7,55,1
8,1,1
8,2,1
8,3,1
8,4,1
8,5,1
8,6,0
8,7,1
8,8,1
8,9,1
8,10,0
8,11,1
8,12,1
8,13,0
8,14,1
8,15,1
8,16,1
8,17,1
8,18,1
8,19,1
8,20,1
8,21,1
8,22,0
8,23,1
8,24,1
8,25,1
8,26,1
8,27,0
8,28,1
8,29,0
8,30,1
8,31,1
8,32,1
8,33,1
8,34,1
8,35,1
8,36,1
8,37,1
8,38,1
8,39,1
8,40,1
8,41,1
8,42,1
8,43,0
8,44,1
8,45,1
8,46,0
8,47,1
8,48,0
8,49,1
8,50,1
8,51,1
8,52,0
8,53,0
8,54,1
8,55,0
9,1,1
9,2,1
9,3,1
9,4,0
9,5,1
9,6,0
9,7,1
9,8,0
9,9,1
9,10,1
9,11,1
9,12,1
9,13,1
9,14,1
9,15,1
9,16,0
9,17,1
9,18,0
9,19,1
9,20,0
9,21,0
9,22,0
9,23,0
9,24,0
9,25,1
9,26,0
9,27,1
9,28,0
9,29,1
9,30,1
9,31,0
9,32,1
9,33,1
9,34,1
9,35,0
9,36,0
9,37,1
9,38,0
9,39,0
9,40,1
9,41,1
9,42,1
9,43,1
9,44,0
9,45,1
9,46,0
9,47,1
9,48,1
9,49,0
9,50,0
9,51,1
9,52,0
9,53,1
9,54,0
9,55,0
10,1,1
10,2,1
10,3,0
10,4,1
10,5,1
10,6,1
10,7,1
10,8,1
10,9,1
10,10,0
10,11,0
10,12,1
10,13,1
10,14,1
10,15,1
10,16,0
10,17,1
10,18,1
10,19,1
10,20,1
10,21,1
10,22,0
10,23,1
10,24,0
10,25,1
10,26,1
10,27,0
10,28,0
10,29,1
10,30,1
10,31,1
10,32,1
10,33,1
10,34,1
10,35,1
10,36,1
10,37,1
10,38,1
10,39,1
10,40,0
10,41,1
10,42,1
10,43,0
10,44,1
10,45,1
10,46,1
10,47,1
10,48,1
10,49,1
10,50,1
10,51,1
10,52,1
10,53,1
10,54,0
10,55,1
11,1,1
11,2,1
11,3,1
11,4,1
11,5,0
11,6,1
11,7,1
11,8,1
11,9,1
11,10,1
11,11,1
11,12,1
11,13,0
11,14,1
11,15,1
11,16,1
11,17,1
11,18,1
11,19,1
11,20,1
11,21,1
11,22,1
11,23,1
11,24,1
11,25,1
11,26,1
11,27,1
11,28,0
11,29,0
11,30,1
11,31,1
11,32,1
11,33,1
11,34,1
11,35,1
11,36,1
11,37,1
11,38,0
11,39,1
11,40,1
11,41,1
11,42,0
11,43,1
11,44,0
11,45,1
11,46,1
11,47,1
11,48,1
11,49,1
11,50,1
11,51,1
11,52,1
11,53,1
11,54,1
11,55,0
12,1,1
12,2,1
12,3,1
12,4,0
12,5,1
12,6,1
12,7,1
12,8,1
12,9,1
12,10,0
12,11,1
12,12,1
12,13,0
12,14,1
12,15,1
12,16,1
12,17,1
12,18,1
12,19,1
12,20,1
12,21,1
12,22,0
12,23,1
12,24,1
12,25,1
12,26,0
12,27,0
12,28,1
12,29,0
12,30,1
12,31,0
12,32,1
12,33,1
12,34,1
12,35,0
12,36,1
12,37,0
12,38,0
12,39,1
12,40,1
12,41,0
12,42,0
12,43,1
12,44,1
12,45,0
12,46,0
12,47,1
12,48,1
12,49,0
12,50,0
12,51,0
12,52,0
12,53,0
12,54,1
12,55,0
13,1,1
13,2,0
13,3,1
13,4,1
13,5,0
13,6,1
13,7,1
13,8,1
13,9,1
13,10,1
13,11,1
13,12,1
13,13,1
13,14,1
13,15,1
13,16,1
13,17,1
13,18,1
13,19,1
13,20,1
13,21,1
13,22,1
13,23,1
13,24,1
13,25,1
13,26,0
13,27,0
13,28,0
13,29,0
13,30,1
13,31,0
13,32,1
13,33,1
13,34,1
13,35,1
13,36,1
13,37,0
13,38,1
13,39,0
13,40,1
13,41,1
13,42,1
13,43,0
13,44,1
13,45,0
13,46,0
13,47,0
13,48,0
13,49,1
13,50,1
13,51,1
13,52,1
13,53,1
13,54,1
13,55,1
14,1,1
14,2,1
14,3,1
14,4,1
14,5,1
14,6,1
14,7,1
14,8,1
14,9,1
14,10,1
14,11,1
14,12,1
14,13,0
14,14,1
14,15,1
14,16,1
14,17,1
14,18,1
14,19,1
14,20,1
14,21,1
14,22,1
14,23,1
14,24,1
14,25,1
14,26,1
14,27,1
14,28,1
14,29,1
14,30,1
14,31,1
14,32,1
14,33,1
14,34,1
14,35,1
14,36,0
14,37,1
14,38,1
14,39,1
14,40,1
14,41,1
14,42,1
14,43,1
14,44,1
14,45,1
14,46,1
14,47,1
14,48,1
14,49,1
14,50,1
14,51,1
14,52,1
14,53,1
14,54,1
14,55,1
15,1,1
15,2,1
15,3,0
15,4,1
15,5,1
15,6,1
15,7,1
15,8,1
15,9,1
15,10,0
15,11,0
15,12,0
15,13,0
15,14,1
15,15,1
15,16,1
15,17,1
15,18,1
15,19,1
15,20,1
15,21,1
15,22,0
15,23,1
15,24,1
15,25,1
15,26,1
15,27,1
15,28,1
15,29,1
15,30,1
15,31,1
15,32,1
15,33,1
15,34,1
15,35,1
15,36,1
15,37,1
15,38,0
15,39,1
15,40,1
15,41,0
15,42,1
15,43,1
15,44,1
15,45,1
15,46,1
15,47,0
15,48,0
15,49,0
15,50,1
15,51,1
15,52,1
15,53,1
15,54,1
15,55,1
16,1,1
16,2,1
16,3,1
16,4,1
16,5,0
16,6,0
16,7,0
16,8,1
16,9,1
16,10,1
16,11,1
16,12,1
16,13,0
16,14,1
16,15,0
16,16,0
16,17,1
16,18,1
16,19,1
16,20,1
16,21,1
16,22,0
16,23,1
16,24,1
16,25,1
16,26,1
16,27,1
16,28,0
16,29,0
16,30,1
16,31,1
16,32,1
16,33,1
16,34,0
16,35,1
16,36,0
16,37,0
16,38,1
16,39,0
16,40,1
16,41,1
16,42,1
16,43,1
16,44,1
16,45,1
16,46,1
16,47,1
16,48,1
16,49,0
16,50,1
16,51,0
16,52,0
16,53,0
16,54,1
16,55,1
17,1,1
17,2,1
17,3,1
17,4,1
17,5,0
17,6,1
17,7,0
17,8,1
17,9,1
17,10,1
17,11,1
17,12,1
17,13,1
17,14,0
17,15,1
17,16,0
17,17,1
17,18,1
17,19,1
17,20,0
17,21,1
17,22,0
17,23,1
17,24,0
17,25,1
17,26,1
17,27,0
17,28,0
17,29,0
17,30,1
17,31,0
17,32,0
17,33,1
17,34,1
17,35,0
17,36,0
17,37,1
17,38,1
17,39,1
17,40,0
17,41,1
17,42,0
17,43,0
17,44,0
17,45,1
17,46,0
17,47,0
17,48,1
17,49,1
17,50,1
17,51,1
17,52,0
17,53,1
17,54,1
17,55,1
18,1,1
18,2,1
18,3,1
18,4,1
18,5,1
18,6,1
18,7,1
18,8,1
18,9,1
18,10,1
18,11,1
18,12,1
18,13,1
18,14,1
18,15,1
18,16,1
18,17,1
18,18,1
18,19,1
18,20,1
18,21,1
18,22,1
18,23,1
18,24,1
18,25,1
18,26,1
18,27,1
18,28,0
18,29,1
18,30,1
18,31,1
18,32,1
18,33,1
18,34,1
18,35,0
18,36,1
18,37,1
18,38,1
18,39,1
18,40,1
18,41,1
18,42,1
18,43,1
18,44,1
18,45,1
18,46,1
18,47,1
18,48,1
18,49,1
18,50,1
18,51,1
18,52,1
18,53,1
18,54,1
18,55,1
19,1,1
19,2,1
19,3,1
19,4,1
19,5,1
19,6,1
19,7,1
19,8,1
19,9,1
19,10,0
19,11,1
19,12,1
19,13,1
19,14,1
19,15,1
19,16,1
19,17,1
19,18,1
19,19,1
19,20,1
19,21,1
19,22,1
19,23,1
19,24,1
19,25,1
19,26,0
19,27,1
19,28,0
19,29,1
19,30,1
19,31,1
19,32,1
19,33,1
19,34,1
19,35,1
19,36,1
19,37,1
19,38,1
19,39,1
19,40,1
19,41,1
19,42,1
19,43,0
19,44,1
19,45,1
19,46,1
19,47,1
19,48,1
19,49,1
19,50,1
19,51,1
19,52,1
19,53,1
19,54,1
19,55,1
20,1,1
20,2,1
20,3,1
20,4,1
20,5,1
20,6,1
20,7,1
20,8,1
20,9,1
20,10,1
20,11,1
20,12,1
20,13,1
20,14,1
20,15,0
20,16,1
20,17,1
20,18,1
20,19,1
20,20,1
20,21,1
20,22,0
20,23,1
20,24,1
20,25,1
20,26,1
20,27,1
20,28,1
20,29,1
20,30,1
20,31,1
20,32,0
20,33,1
20,34,1
20,35,1
20,36,1
20,37,0
20,38,1
20,39,0
20,40,1
20,41,1
20,42,1
20,43,0
20,44,1
20,45,1
20,46,1
20,47,1
20,48,1
20,49,1
20,50,0
20,51,0
20,52,1
20,53,1
20,54,1
20,55,1
21,1,1
21,2,1
21,3,1
21,4,1
21,5,1
21,6,0
21,7,1
21,8,1
21,9,1
21,10,1
21,11,0
21,12,1
21,13,0
21,14,1
21,15,1
21,16,1
21,17,1
21,18,1
21,19,1
21,20,1
21,21,1
21,22,1
21,23,1
21,24,1
21,25,0
21,26,1
21,27,1
21,28,1
21,29,1
21,30,1
21,31,0
21,32,0
21,33,1
21,34,1
21,35,1
21,36,1
21,37,1
21,38,0
21,39,0
21,40,1
21,41,1
21,42,1
21,43,0
21,44,1
21,45,1
21,46,0
21,47,1
21,48,1
21,49,1
21,50,0
21,51,1
21,52,0
21,53,0
21,54,0
21,55,1
22,1,1
22,2,1
22,3,0
22,4,0
22,5,0
22,6,0
22,7,0
22,8,1
22,9,0
22,10,1
22,11,1
22,12,0
22,13,0
22,14,0
22,15,0
22,16,0
22,17,1
22,18,1
22,19,0
22,20,0
22,21,0
22,22,1
22,23,1
22,24,0
22,25,0
22,26,1
22,27,0
22,28,0
22,29,0
22,30,1
22,31,0
22,32,0
22,33,1
22,34,1
22,35,0
22,36,0
22,37,0
22,38,0
22,39,0
22,40,0
22,41,0
22,42,0
22,43,0
22,44,0
22,45,1
22,46,0
22,47,1
22,48,0
22,49,0
22,50,0
22,51,1
22,52,0
22,53,0
22,54,1
22,55,0
23,1,1
23,2,1
23,3,0
23,4,1
23,5,1
23,6,1
23,7,0
23,8,1
23,9,1
23,10,1
23,11,0
23,12,0
23,13,0
23,14,1
23,15,1
23,16,1
23,17,1
23,18,0
23,19,1
23,20,0
23,21,1
23,22,1
23,23,1
23,24,1
23,25,0
23,26,1
23,27,0
23,28,0
23,29,1
23,30,1
23,31,1
23,32,1
23,33,0
23,34,1
23,35,1
23,36,1
23,37,1
23,38,0
23,39,0
23,40,1
23,41,1
23,42,0
23,43,0
23,44,0
23,45,0
23,46,0
23,47,1
23,48,1
23,49,1
23,50,1
23,51,0
23,52,1
23,53,1
23,54,1
23,55,0
24,1,1
24,2,1
24,3,1
24,4,1
24,5,0
24,6,0
24,7,0
24,8,1
24,9,1
24,10,1
24,11,1
24,12,1
24,13,0
24,14,1
24,15,1
24,16,1
24,17,0
24,18,1
24,19,1
24,20,1
24,21,0
24,22,0
24,23,1
24,24,1
24,25,1
24,26,0
24,27,0
24,28,0
24,29,0
24,30,1
24,31,0
24,32,0
24,33,1
24,34,0
24,35,0
24,36,0
24,37,1
24,38,1
24,39,1
24,40,1
24,41,0
24,42,1
24,43,1
24,44,1
24,45,1
24,46,1
24,47,0
24,48,1
24,49,1
24,50,0
24,51,1
24,52,0
24,53,1
24,54,0
24,55,1
25,1,0
25,2,1
25,3,1
25,4,1
25,5,1
25,6,0
25,7,0
25,8,1
25,9,1
25,10,1
25,11,1
25,12,1
25,13,0
25,14,1
25,15,1
25,16,1
25,17,1
25,18,1
25,19,1
25,20,0
25,21,1
25,22,1
25,23,1
25,24,1
25,25,1
25,26,0
25,27,1
25,28,1
25,29,1
25,30,1
25,31,1
25,32,1
25,33,1
25,34,1
25,35,1
25,36,1
25,37,1
25,38,1
25,39,1
25,40,1
25,41,1
25,42,0
25,43,1
25,44,1
25,45,0
25,46,1
25,47,1
25,48,1
25,49,0
25,50,1
25,51,0
25,52,0
25,53,1
25,54,1
25,55,1
26,1,1
26,2,1
26,3,1
26,4,1
26,5,1
26,6,1
26,7,1
26,8,1
26,9,1
26,10,1
26,11,1
26,12,1
26,13,1
26,14,1
26,15,1
26,16,1
26,17,1
26,18,1
26,19,1
26,20,1
26,21,1
26,22,1
26,23,1
26,24,1
26,25,1
26,26,1
26,27,1
26,28,1
26,29,1
26,30,1
26,31,1
26,32,1
26,33,1
26,34,1
26,35,1
26,36,1
26,37,1
26,38,1
26,39,1
26,40,1
26,41,1
26,42,1
26,43,1
26,44,1
26,45,1
26,46,1
26,47,1
26,48,1
26,49,1
26,50,1
26,51,1
26,52,1
26,53,1
26,54,1
26,55,1
27,1,1
27,2,0
27,3,1
27,4,1
27,5,1
27,6,1
27,7,0
27,8,1
27,9,1
27,10,0
27,11,0
27,12,1
27,13,0
27,14,1
27,15,1
27,16,1
27,17,1
27,18,0
27,19,1
27,20,1
27,21,1
27,22,1
27,23,0
27,24,0
27,25,0
27,26,1
27,27,0
27,28,1
27,29,1
27,30,1
27,31,1
27,32,1
27,33,1
27,34,0
27,35,0
27,36,1
27,37,1
27,38,0
27,39,1
27,40,1
27,41,0
27,42,1
27,43,1
27,44,0
27,45,1
27,46,0
27,47,1
27,48,1
27,49,1
27,50,0
27,51,1
27,52,1
27,53,0
27,54,1
27,55,0
28,1,1
28,2,1
28,3,0
28,4,1
28,5,1
28,6,1
28,7,1
28,8,1
28,9,1
28,10,1
28,11,1
28,12,1
28,13,1
28,14,1
28,15,0
28,16,1
28,17,1
28,18,1
28,19,1
28,20,1
28,21,1
28,22,1
28,23,1
28,24,1
28,25,1
28,26,1
28,27,1
28,28,1
28,29,1
28,30,1
28,31,1
28,32,1
28,33,1
28,34,1
28,35,1
28,36,0
28,37,1
28,38,1
28,39,1
28,40,1
28,41,1
28,42,1
28,43,1
28,44,1
28,45,1
28,46,1
28,47,1
28,48,1
28,49,1
28,50,0
28,51,1
28,52,1
28,53,0
28,54,1
28,55,1
29,1,1
29,2,1
29,3,1
29,4,1
29,5,1
29,6,1
29,7,0
29,8,1
29,9,1
29,10,1
29,11,1
29,12,1
29,13,1
29,14,1
29,15,1
29,16,1
29,17,1
29,18,1
29,19,1
29,20,1
29,21,1
29,22,1
29,23,1
29,24,1
29,25,1
29,26,1
29,27,1
29,28,1
29,29,1
29,30,1
29,31,1
29,32,1
29,33,1
29,34,1
29,35,0
29,36,1
29,37,1
29,38,1
29,39,1
29,40,1
29,41,1
29,42,1
29,43,1
29,44,1
29,45,1
29,46,0
29,47,1
29,48,1
29,49,1
29,50,1
29,51,1
29,52,1
29,53,1
29,54,1
29,55,1
30,1,1
30,2,1
30,3,1
30,4,1
30,5,1
30,6,0
30,7,1
30,8,1
30,9,1
30,10,1
30,11,1
30,12,1
30,13,1
30,14,1
30,15,1
30,16,1
30,17,1
30,18,1
30,19,1
30,20,1
30,21,1
30,22,1
30,23,1
30,24,1
30,25,1
30,26,0
30,27,1
30,28,1
30,29,1
30,30,1
30,31,0
30,32,1
30,33,1
30,34,1
30,35,1
30,36,1
30,37,1
30,38,1
30,39,1
30,40,1
30,41,1
30,42,0
30,43,1
30,44,1
30,45,1
30,46,1
30,47,1
30,48,0
30,49,1
30,50,1
30,51,1
30,52,1
30,53,1
30,54,1
30,55,1
31,1,1
31,2,1
31,3,1
31,4,1
31,5,1
31,6,1
31,7,1
31,8,1
31,9,1
31,10,1
31,11,1
31,12,0
31,13,1
31,14,1
31,15,1
31,16,1
31,17,1
31,18,1
31,19,1
31,20,1
31,21,1
31,22,1
31,23,1
31,24,1
31,25,1
31,26,1
31,27,0
31,28,1
31,29,0
31,30,1
31,31,0
31,32,1
31,33,0
31,34,1
31,35,1
31,36,1
31,37,1
31,38,1
31,39,1
31,40,1
31,41,1
31,42,1
31,43,1
31,44,0
31,45,1
31,46,1
31,47,1
31,48,1
31,49,1
31,50,1
31,51,1
31,52,1
31,53,1
31,54,1
31,55,1
32,1,1
32,2,1
32,3,1
32,4,1
32,5,1
32,6,1
32,7,0
32,8,1
32,9,1
32,10,1
32,11,1
32,12,1
32,13,1
32,14,1
32,15,1
32,16,1
32,17,1
32,18,1
32,19,1
32,20,1
32,21,1
32,22,1
32,23,1
32,24,1
32,25,1
32,26,1
32,27,0
32,28,1
32,29,1
32,30,1
32,31,1
32,32,1
32,33,1
32,34,1
32,35,1
32,36,1
32,37,1
32,38,1
32,39,1
32,40,1
32,41,1
32,42,1
32,43,1
32,44,1
32,45,1
32,46,1
32,47,1
32,48,1
32,49,1
32,50,1
32,51,1
32,52,1
32,53,1
32,54,1
32,55,1
33,1,1
33,2,1
33,3,1
33,4,1
33,5,1
33,6,0
33,7,1
33,8,1
33,9,1
33,10,1
33,11,1
33,12,1
33,13,1
33,14,0
33,15,1
33,16,1
33,17,1
33,18,1
33,19,1
33,20,1
33,21,1
33,22,1
33,23,0
33,24,1
33,25,1
33,26,1
33,27,0
33,28,1
33,29,1
33,30,1
33,31,1
33,32,1
33,33,1
33,34,1
33,35,1
33,36,1
33,37,1
33,38,1
33,39,1
33,40,1
33,41,1
33,42,1
33,43,1
33,44,1
33,45,1
33,46,1
33,47,1
33,48,1
33,49,0
33,50,1
33,51,1
33,52,1
33,53,1
33,54,1
33,55,1
34,1,0
34,2,1
34,3,1
34,4,1
34,5,1
34,6,1
34,7,1
34,8,1
34,9,1
34,10,1
34,11,1
34,12,1
34,13,1
34,14,1
34,15,1
34,16,1
34,17,1
34,18,1
34,19,1
34,20,1
34,21,1
34,22,1
34,23,0
34,24,1
34,25,1
34,26,1
34,27,1
34,28,0
34,29,1
34,30,1
34,31,1
34,32,1
34,33,1
34,34,1
34,35,1
34,36,1
34,37,1
34,38,0
34,39,1
34,40,1
34,41,1
34,42,1
34,43,1
34,44,0
34,45,1
34,46,1
34,47,1
34,48,1
34,49,1
34,50,1
34,51,1
34,52,1
34,53,0
34,54,1
34,55,1
35,1,1
35,2,1
35,3,1
35,4,1
35,5,1
35,6,1
35,7,1
35,8,1
35,9,1
35,10,0
35,11,1
35,12,1
35,13,1
35,14,1
35,15,1
35,16,1
35,17,1
35,18,1
35,19,1
35,20,0
35,21,1
35,22,1
35,23,1
35,24,1
35,25,1
35,26,1
35,27,1
35,28,1
35,29,1
35,30,1
35,31,1
35,32,1
35,33,1
35,34,1
35,35,1
35,36,1
35,37,1
35,38,1
35,39,1
35,40,1
35,41,1
35,42,0
35,43,1
35,44,1
35,45,1
35,46,1
35,47,1
35,48,1
35,49,1
35,50,1
35,51,1
35,52,1
35,53,1
35,54,1
35,55,1
36,1,1
36,2,0
36,3,1
36,4,1
36,5,1
36,6,1
36,7,0
36,8,1
36,9,1
36,10,1
36,11,1
36,12,1
36,13,1
36,14,1
36,15,1
36,16,0
36,17,1
36,18,1
36,19,1
36,20,0
36,21,1
36,22,0
36,23,1
36,24,0
36,25,1
36,26,1
36,27,0
36,28,0
36,29,1
36,30,1
36,31,1
36,32,1
36,33,1
36,34,1
36,35,1
36,36,0
36,37,1
36,38,1
36,39,0
36,40,1
36,41,1
36,42,1
36,43,0
36,44,0
36,45,1
36,46,0
36,47,1
36,48,0
36,49,1
36,50,1
36,51,0
36,52,0
36,53,0
36,54,1
36,55,1
37,1,1
37,2,1
37,3,1
37,4,1
37,5,1
37,6,1
37,7,1
37,8,0
37,9,1
37,10,0
37,11,0
37,12,1
37,13,1
37,14,0
37,15,0
37,16,1
37,17,0
37,18,0
37,19,1
37,20,1
37,21,1
37,22,1
37,23,1
37,24,0
37,25,1
37,26,1
37,27,1
37,28,0
37,29,0
37,30,1
37,31,0
37,32,1
37,33,1
37,34,1
37,35,1
37,36,1
37,37,1
37,38,1
37,39,0
37,40,1
37,41,1
37,42,1
37,43,0
37,44,0
37,45,1
37,46,1
37,47,1
37,48,1
37,49,0
37,50,1
37,51,0
37,52,0
37,53,1
37,54,1
37,55,0
38,1,0
38,2,1
38,3,0
38,4,0
38,5,0
38,6,1
38,7,1
38,8,1
38,9,1
38,10,0
38,11,1
38,12,1
38,13,0
38,14,1
38,15,1
38,16,1
38,17,0
38,18,1
38,19,1
38,20,0
38,21,1
38,22,1
38,23,1
38,24,0
38,25,0
38,26,0
38,27,0
38,28,0
38,29,0
38,30,1
38,31,0
38,32,1
38,33,1
38,34,1
38,35,0
38,36,1
38,37,1
38,38,1
38,39,1
38,40,1
38,41,1
38,42,1
38,43,0
38,44,0
38,45,0
38,46,1
38,47,0
38,48,1
38,49,0
38,50,1
38,51,1
38,52,0
38,53,1
38,54,0
38,55,1
39,1,1
39,2,1
39,3,1
39,4,1
39,5,1
39,6,1
39,7,1
39,8,1
39,9,1
39,10,1
39,11,1
39,12,0
39,13,1
39,14,1
39,15,1
39,16,1
39,17,1
39,18,0
39,19,1
39,20,1
39,21,1
39,22,1
39,23,1
39,24,0
39,25,0
39,26,1
39,27,0
39,28,1
39,29,0
39,30,1
39,31,1
39,32,1
39,33,1
39,34,1
39,35,1
39,36,1
39,37,1
39,38,0
39,39,1
39,40,1
39,41,1
39,42,1
39,43,0
39,44,1
39,45,1
39,46,1
39,47,1
39,48,1
39,49,1
39,50,1
39,51,1
39,52,1
39,53,1
39,54,1
39,55,1
40,1,0
40,2,1
40,3,1
40,4,1
40,5,1
40,6,1
40,7,1
40,8,0
40,9,1
40,10,0
40,11,1
40,12,1
40,13,1
40,14,1
40,15,1
40,16,1
40,17,1
40,18,1
40,19,1
40,20,0
40,21,1
40,22,0
40,23,1
40,24,0
40,25,1
40,26,0
40,27,0
40,28,0
40,29,0
40,30,0
40,31,1
40,32,1
40,33,1
40,34,1
40,35,1
40,36,1
40,37,1
40,38,1
40,39,1
40,40,1
40,41,0
40,42,0
40,43,0
40,44,1
40,45,1
40,46,1
40,47,1
40,48,1
40,49,1
40,50,1
40,51,0
40,52,0
40,53,0
40,54,0
40,55,1
41,1,1
41,2,0
41,3,0
41,4,0
41,5,0
41,6,0
41,7,0
41,8,0
41,9,1
41,10,0
41,11,1
41,12,0
41,13,0
41,14,1
41,15,0
41,16,1
41,17,1
41,18,0
41,19,1
41,20,0
41,21,1
41,22,0
41,23,0
41,24,0
41,25,1
41,26,0
41,27,0
41,28,0
41,29,1
41,30,1
41,31,1
41,32,1
41,33,1
41,34,1
41,35,0
41,36,1
41,37,1
41,38,1
41,39,0
41,40,1
41,41,1
41,42,0
41,43,0
41,44,0
41,45,1
41,46,0
41,47,0
41,48,1
41,49,0
41,50,1
41,51,1
41,52,0
41,53,1
41,54,1
41,55,0
42,1,1
42,2,1
42,3,1
42,4,1
42,5,0
42,6,1
42,7,1
42,8,1
42,9,1
42,10,1
42,11,1
42,12,1
42,13,1
42,14,0
42,15,1
42,16,1
42,17,1
42,18,1
42,19,1
42,20,0
42,21,1
42,22,1
42,23,1
42,24,1
42,25,1
42,26,1
42,27,1
42,28,1
42,29,1
42,30,1
42,31,1
42,32,1
42,33,1
42,34,1
42,35,1
42,36,1
42,37,1
42,38,1
42,39,1
42,40,1
42,41,1
42,42,1
42,43,0
42,44,1
42,45,1
42,46,1
42,47,1
42,48,1
42,49,1
42,50,0
42,51,1
42,52,1
42,53,1
42,54,1
42,55,1
43,1,1
43,2,1
43,3,0
43,4,0
43,5,1
43,6,1
43,7,0
43,8,1
43,9,1
43,10,1
43,11,0
43,12,0
43,13,0
43,14,0
43,15,1
43,16,1
43,17,1
43,18,1
43,19,0
43,20,0
43,21,1
43,22,1
43,23,0
43,24,1
43,25,1
43,26,1
43,27,0
43,28,1
43,29,1
43,30,1
43,31,1
43,32,1
43,33,1
43,34,1
43,35,1
43,36,0
43,37,1
43,38,1
43,39,0
43,40,1
43,41,1
43,42,1
43,43,1
43,44,0
43,45,1
43,46,0
43,47,1
43,48,1
43,49,0
43,50,1
43,51,1
43,52,1
43,53,0
43,54,1
43,55,1
44,1,1
44,2,1
44,3,1
44,4,1
44,5,1
44,6,1
44,7,1
44,8,1
44,9,1
44,10,0
44,11,1
44,12,1
44,13,1
44,14,1
44,15,1
44,16,1
44,17,1
44,18,1
44,19,1
44,20,1
44,21,1
44,22,1
44,23,1
44,24,1
44,25,1
44,26,1
44,27,0
44,28,0
44,29,1
44,30,1
44,31,1
44,32,1
44,33,1
44,34,1
44,35,0
44,36,1
44,37,1
44,38,1
44,39,1
44,40,1
44,41,1
44,42,1
44,43,1
44,44,1
44,45,1
44,46,1
44,47,1
44,48,0
44,49,1
44,50,1
44,51,1
44,52,1
44,53,1
44,54,1
44,55,1
45,1,1
45,2,1
45,3,1
45,4,1
45,5,1
45,6,1
45,7,1
45,8,1
45,9,1
45,10,1
45,11,1
45,12,1
45,13,0
45,14,1
45,15,1
45,16,1
45,17,1
45,18,1
45,19,1
45,20,0
45,21,1
45,22,1
45,23,1
45,24,1
45,25,1
45,26,1
45,27,1
45,28,1
45,29,1
45,30,1
45,31,1
45,32,1
45,33,1
45,34,1
45,35,1
45,36,1
45,37,0
45,38,1
45,39,1
45,40,1
45,41,1
45,42,0
45,43,1
45,44,1
45,45,0
45,46,1
45,47,1
45,48,1
45,49,1
45,50,1
45,51,1
45,52,1
45,53,1
45,54,1
45,55,1
46,1,1
46,2,1
46,3,1
46,4,1
46,5,1
46,6,1
46,7,0
46,8,0
46,9,0
46,10,1
46,11,1
46,12,1
46,13,1
46,14,1
46,15,0
46,16,1
46,17,1
46,18,1
46,19,1
46,20,1
46,21,1
46,22,0
46,23,1
46,24,1
46,25,1
46,26,0
46,27,1
46,28,0
46,29,0
46,30,1
46,31,1
46,32,1
46,33,1
46,34,1
46,35,1
46,36,1
46,37,1
46,38,1
46,39,1
46,40,1
46,41,1
46,42,1
46,43,1
46,44,1
46,45,1
46,46,1
46,47,1
46,48,1
46,49,1
46,50,1
46,51,0
46,52,1
46,53,1
46,54,1
46,55,1
47,1,1
47,2,1
47,3,1
47,4,1
47,5,1
47,6,0
47,7,1
47,8,1
47,9,1
47,10,1
47,11,1
47,12,0
47,13,1
47,14,1
47,15,0
47,16,1
47,17,1
47,18,1
47,19,1
47,20,1
47,21,1
47,22,1
47,23,1
47,24,1
47,25,0
47,26,1
47,27,1
47,28,0
47,29,1
47,30,1
47,31,1
47,32,1
47,33,1
47,34,1
47,35,0
47,36,1
47,37,1
47,38,0
47,39,1
47,40,0
47,41,1
47,42,0
47,43,1
47,44,1
47,45,1
47,46,1
47,47,1
47,48,1
47,49,1
47,50,1
47,51,1
47,52,1
47,53,1
47,54,1
47,55,1
48,1,1
48,2,1
48,3,1
48,4,1
48,5,0
48,6,1
48,7,1
48,8,0
48,9,1
48,10,1
48,11,1
48,12,0
48,13,0
48,14,1
48,15,0
48,16,1
48,17,1
48,18,1
48,19,1
48,20,0
48,21,1
48,22,1
48,23,1
48,24,1
48,25,1
48,26,1
48,27,0
48,28,0
48,29,1
48,30,1
48,31,1
48,32,1
48,33,1
48,34,1
48,35,0
48,36,1
48,37,1
48,38,0
48,39,1
48,40,1
48,41,1
48,42,1
48,43,1
48,44,1
48,45,1
48,46,1
48,47,1
48,48,1
48,49,1
48,50,1
48,51,1
48,52,0
48,53,1
48,54,0
48,55,0
49,1,0
49,2,1
49,3,1
49,4,1
49,5,0
49,6,0
49,7,1
49,8,1
49,9,1
49,10,0
49,11,1
49,12,1
49,13,0
49,14,1
49,15,1
49,16,1
49,17,1
49,18,1
49,19,0
49,20,0
49,21,0
49,22,0
49,23,1
49,24,0
49,25,1
49,26,1
49,27,0
49,28,0
49,29,1
49,30,1
49,31,1
49,32,1
49,33,1
49,34,1
49,35,0
49,36,1
49,37,1
49,38,0
49,39,0
49,40,0
49,41,0
49,42,1
49,43,0
49,44,0
49,45,1
49,46,1
49,47,0
49,48,0
49,49,0
49,50,0
49,51,1
49,52,1
49,53,0
49,54,0
49,55,1
50,1,1
50,2,1
50,3,1
50,4,1
50,5,1
50,6,0
50,7,0
50,8,1
50,9,0
50,10,0
50,11,1
50,12,1
50,13,0
50,14,0
50,15,1
50,16,0
50,17,1
50,18,1
50,19,0
50,20,1
50,21,1
50,22,0
50,23,0
50,24,1
50,25,0
50,26,1
50,27,0
50,28,0
50,29,1
50,30,1
50,31,0
50,32,1
50,33,0
50,34,0
50,35,1
50,36,0
50,37,0
50,38,1
50,39,1
50,40,1
50,41,1
50,42,0
50,43,0
50,44,0
50,45,1
50,46,1
50,47,1
50,48,1
50,49,0
50,50,1
50,51,0
50,52,0
50,53,0
50,54,0
50,55,0
51,1,1
51,2,1
51,3,0
51,4,1
51,5,1
51,6,1
51,7,1
51,8,1
51,9,0
51,10,0
51,11,0
51,12,1
51,13,0
51,14,1
51,15,1
51,16,1
51,17,0
51,18,1
51,19,1
51,20,1
51,21,1
51,22,1
51,23,1
51,24,1
51,25,1
51,26,1
51,27,0
51,28,1
51,29,0
51,30,1
51,31,1
51,32,1
51,33,1
51,34,0
51,35,0
51,36,1
51,37,1
51,38,1
51,39,1
51,40,1
51,41,1
51,42,1
51,43,1
51,44,1
51,45,1
51,46,0
51,47,1
51,48,0
51,49,1
51,50,1
51,51,1
51,52,0
51,53,0
51,54,0
51,55,1
52,1,1
52,2,1
52,3,1
52,4,1
52,5,1
52,6,1
52,7,1
52,8,1
52,9,1
52,10,1
52,11,1
52,12,1
52,13,0
52,14,0
52,15,0
52,16,1
52,17,1
52,18,1
52,19,1
52,20,1
52,21,1
52,22,1
52,23,1
52,24,1
52,25,0
52,26,1
52,27,0
52,28,0
52,29,1
52,30,1
52,31,0
52,32,1
52,33,0
52,34,1
52,35,1
52,36,1
52,37,0
52,38,1
52,39,1
52,40,1
52,41,1
52,42,1
52,43,1
52,44,1
52,45,1
52,46,0
52,47,1
52,48,0
52,49,1
52,50,0
52,51,1
52,52,0
52,53,1
52,54,1
52,55,1
53,1,1
53,2,1
53,3,0
53,4,1
53,5,1
53,6,0
53,7,0
53,8,1
53,9,1
53,10,1
53,11,1
53,12,1
53,13,1
53,14,1
53,15,0
53,16,0
53,17,1
53,18,0
53,19,0
53,20,1
53,21,0
53,22,0
53,23,1
53,24,0
53,25,0
53,26,1
53,27,0
53,28,0
53,29,1
53,30,1
53,31,1
53,32,0
53,33,1
53,34,0
53,35,1
53,36,0
53,37,0
53,38,0
53,39,0
53,40,1
53,41,0
53,42,0
53,43,0
53,44,1
53,45,1
53,46,0
53,47,1
53,48,0
53,49,1
53,50,1
53,51,1
53,52,0
53,53,0
53,54,1
53,55,1
54,1,0
54,2,1
54,3,0
54,4,0
54,5,1
54,6,1
54,7,1
54,8,1
54,9,0
54,10,1
54,11,1
54,12,0
54,13,0
54,14,1
54,15,0
54,16,1
54,17,1
54,18,1
54,19,1
54,20,1
54,21,0
54,22,1
54,23,0
54,24,1
54,25,1
54,26,1
54,27,0
54,28,1
54,29,1
54,30,1
54,31,1
54,32,1
54,33,0
54,34,1
54,35,1
54,36,0
54,37,0
54,38,1
54,39,0
54,40,1
54,41,1
54,42,0
54,43,0
54,44,1
54,45,1
54,46,0
54,47,1
54,48,0
54,49,0
54,50,1
54,51,1
54,52,0
54,53,1
54,54,1
54,55,1
55,1,1
55,2,1
55,3,0
55,4,1
55,5,1
55,6,1
55,7,1
55,8,1
55,9,1
55,10,1
55,11,0
55,12,1
55,13,1
55,14,1
55,15,1
55,16,1
55,17,1
55,18,1
55,19,1
55,20,1
55,21,1
55,22,1
55,23,1
55,24,1
55,25,1
55,26,1
55,27,0
55,28,0
55,29,1
55,30,1
55,31,1
55,32,1
55,33,1
55,34,1
55,35,1
55,36,0
55,37,1
55,38,0
55,39,1
55,40,0
55,41,1
55,42,1
55,43,0
55,44,1
55,45,1
55,46,1
55,47,1
55,48,1
55,49,1
55,50,1
55,51,1
55,52,1
55,53,1
55,54,0
55,55,1
56,1,1
56,2,1
56,3,1
56,4,1
56,5,1
56,6,1
56,7,1
56,8,0
56,9,1
56,10,0
56,11,1
56,12,1
56,13,0
56,14,1
56,15,1
56,16,1
56,17,1
56,18,1
56,19,1
56,20,1
56,21,0
56,22,1
56,23,1
56,24,1
56,25,1
56,26,1
56,27,1
56,28,1
56,29,1
56,30,1
56,31,1
56,32,1
56,33,1
56,34,1
56,35,1
56,36,1
56,37,1
56,38,0
56,39,1
56,40,1
56,41,1
56,42,0
56,43,1
56,44,1
56,45,1
56,46,1
56,47,1
56,48,0
56,49,0
56,50,1
56,51,0
56,52,1
56,53,1
56,54,0
56,55,1
57,1,1
57,2,1
57,3,1
57,4,1
57,5,1
57,6,1
57,7,1
57,8,1
57,9,0
57,10,1
57,11,1
57,12,1
57,13,0
57,14,1
57,15,1
57,16,1
57,17,1
57,18,1
57,19,1
57,20,0
57,21,1
57,22,1
57,23,1
57,24,1
57,25,1
57,26,1
57,27,0
57,28,1
57,29,0
57,30,1
57,31,1
57,32,1
57,33,1
57,34,1
57,35,1
57,36,0
57,37,1
57,38,1
57,39,1
57,40,1
57,41,1
57,42,1
57,43,1
57,44,0
57,45,1
57,46,1
57,47,1
57,48,1
57,49,0
57,50,1
57,51,1
57,52,1
57,53,1
57,54,1
57,55,1
58,1,0
58,2,0
58,3,1
58,4,0
58,5,0
58,6,0
58,7,0
58,8,1
58,9,1
58,10,0
58,11,0
58,12,1
58,13,0
58,14,1
58,15,0
58,16,1
58,17,1
58,18,1
58,19,0
58,20,1
58,21,1
58,22,0
58,23,1
58,24,0
58,25,1
58,26,0
58,27,0
58,28,0
58,29,1
58,30,0
58,31,1
58,32,0
58,33,1
58,34,0
58,35,0
58,36,0
58,37,0
58,38,0
58,39,0
58,40,0
58,41,0
58,42,0
58,43,0
58,44,1
58,45,1
58,46,1
58,47,0
58,48,0
58,49,0
58,50,1
58,51,0
58,52,0
58,53,0
58,54,0
58,55,0
59,1,1
59,2,1
59,3,1
59,4,1
59,5,1
59,6,1
59,7,1
59,8,1
59,9,1
59,10,1
59,11,1
59,12,1
59,13,1
59,14,1
59,15,1
59,16,1
59,17,1
59,18,1
59,19,1
59,20,1
59,21,1
59,22,1
59,23,1
59,24,1
59,25,1
59,26,0
59,27,1
59,28,0
59,29,1
59,30,1
59,31,1
59,32,1
59,33,1
59,34,1
59,35,1
59,36,1
59,37,1
59,38,1
59,39,1
59,40,1
59,41,1
59,42,0
59,43,0
59,44,1
59,45,1
59,46,1
59,47,1
59,48,1
59,49,0
59,50,1
59,51,1
59,52,1
59,53,1
59,54,0
59,55,1
60,1,1
60,2,1
60,3,1
60,4,1
60,5,1
60,6,1
60,7,0
60,8,1
60,9,1
60,10,1
60,11,1
60,12,0
60,13,1
60,14,0
60,15,0
60,16,1
60,17,1
60,18,1
60,19,1
60,20,1
60,21,1
60,22,1
60,23,1
60,24,1
60,25,1
60,26,1
60,27,0
60,28,1
60,29,1
60,30,1
60,31,1
60,32,1
60,33,1
60,34,1
60,35,1
60,36,0
60,37,0
60,38,1
60,39,1
60,40,1
60,41,0
60,42,0
60,43,1
60,44,1
60,45,1
60,46,0
60,47,1
60,48,1
60,49,0
60,50,1
60,51,1
60,52,0
60,53,0
60,54,0
60,55,1
61,1,1
61,2,1
61,3,0
61,4,1
61,5,1
61,6,1
61,7,0
61,8,1
61,9,1
61,10,1
61,11,0
61,12,1
61,13,1
61,14,0
61,15,0
61,16,0
61,17,0
61,18,1
61,19,0
61,20,1
61,21,1
61,22,1
61,23,1
61,24,1
61,25,1
61,26,0
61,27,0
61,28,0
61,29,1
61,30,1
61,31,1
61,32,1
61,33,1
61,34,1
61,35,0
61,36,1
61,37,1
61,38,0
61,39,0
61,40,1
61,41,0
61,42,0
61,43,0
61,44,1
61,45,1
61,46,1
61,47,1
61,48,1
61,49,1
61,50,1
61,51,1
61,52,1
61,53,0
61,54,0
61,55,1
62,1,1
62,2,1
62,3,1
62,4,1
62,5,1
62,6,1
62,7,0
62,8,1
62,9,1
62,10,0
62,11,0
62,12,0
62,13,0
62,14,1
62,15,1
62,16,1
62,17,0
62,18,1
62,19,1
62,20,0
62,21,1
62,22,1
62,23,1
62,24,1
62,25,0
62,26,1
62,27,1
62,28,0
62,29,0
62,30,1
62,31,1
62,32,1
62,33,1
62,34,1
62,35,0
62,36,1
62,37,1
62,38,1
62,39,1
62,40,1
62,41,1
62,42,1
62,43,1
62,44,0
62,45,1
62,46,1
62,47,1
62,48,0
62,49,0
62,50,1
62,51,0
62,52,0
62,53,0
62,54,1
62,55,1
63,1,1
63,2,1
63,3,1
63,4,0
63,5,0
63,6,1
63,7,1
63,8,1
63,9,1
63,10,0
63,11,1
63,12,0
63,13,0
63,14,1
63,15,1
63,16,1
63,17,1
63,18,1
63,19,1
63,20,0
63,21,1
63,22,1
63,23,1
63,24,0
63,25,1
63,26,1
63,27,0
63,28,1
63,29,1
63,30,1
63,31,1
63,32,1
63,33,1
63,34,1
63,35,0
63,36,1
63,37,1
63,38,0
63,39,0
63,40,1
63,41,1
63,42,1
63,43,1
63,44,1
63,45,1
63,46,0
63,47,1
63,48,1
63,49,0
63,50,0
63,51,1
63,52,1
63,53,0
63,54,1
63,55,1
64,1,1
64,2,1
64,3,1
64,4,1
64,5,1
64,6,1
64,7,1
64,8,1
64,9,1
64,10,0
64,11,1
64,12,1
64,13,0
64,14,1
64,15,0
64,16,1
64,17,1
64,18,1
64,19,1
64,20,1
64,21,1
64,22,1
64,23,1
64,24,0
64,25,1
64,26,1
64,27,0
64,28,0
64,29,1
64,30,0
64,31,1
64,32,1
64,33,1
64,34,1
64,35,1
64,36,0
64,37,1
64,38,1
64,39,0
64,40,1
64,41,1
64,42,1
64,43,1
64,44,1
64,45,1
64,46,1
64,47,1
64,48,1
64,49,0
64,50,1
64,51,0
64,52,1
64,53,1
64,54,1
64,55,1
65,1,1
65,2,1
65,3,1
65,4,1
65,5,1
65,6,1
65,7,1
65,8,1
65,9,1
65,10,1
65,11,1
65,12,1
65,13,1
65,14,1
65,15,1
65,16,1
65,17,1
65,18,1
65,19,1
65,20,1
65,21,1
65,22,1
65,23,1
65,24,1
65,25,1
65,26,1
65,27,1
65,28,1
65,29,1
65,30,1
65,31,1
65,32,1
65,33,1
65,34,1
65,35,0
65,36,1
65,37,1
65,38,0
65,39,1
65,40,1
65,41,1
65,42,1
65,43,1
65,44,1
65,45,1
65,46,1
65,47,1
65,48,1
65,49,1
65,50,1
65,51,1
65,52,1
65,53,1
65,54,1
65,55,1
66,1,1
66,2,1
66,3,1
66,4,0
66,5,1
66,6,1
66,7,1
66,8,1
66,9,1
66,10,1
66,11,1
66,12,0
66,13,1
66,14,1
66,15,0
66,16,1
66,17,1
66,18,1
66,19,1
66,20,1
66,21,1
66,22,1
66,23,1
66,24,1
66,25,1
66,26,0
66,27,0
66,28,0
66,29,0
66,30,1
66,31,1
66,32,1
66,33,1
66,34,1
66,35,1
66,36,0
66,37,0
66,38,1
66,39,0
66,40,1
66,41,1
66,42,0
66,43,1
66,44,0
66,45,1
66,46,1
66,47,0
66,48,0
66,49,1
66,50,0
66,51,1
66,52,1
66,53,1
66,54,1
66,55,1
67,1,0
67,2,1
67,3,0
67,4,0
67,5,1
67,6,0
67,7,0
67,8,1
67,9,0
67,10,0
67,11,1
67,12,0
67,13,1
67,14,0
67,15,1
67,16,0
67,17,0
67,18,0
67,19,0
67,20,0
67,21,0
67,22,0
67,23,0
67,24,0
67,25,0
67,26,0
67,27,0
67,28,0
67,29,0
67,30,1
67,31,0
67,32,0
67,33,1
67,34,0
67,35,0
67,36,0
67,37,0
67,38,1
67,39,0
67,40,1
67,41,0
67,42,0
67,43,0
67,44,0
67,45,1
67,46,0
67,47,1
67,48,0
67,49,0
67,50,0
67,51,0
67,52,0
67,53,0
67,54,0
67,55,1
68,1,1
68,2,1
68,3,1
68,4,0
68,5,1
68,6,1
68,7,1
68,8,1
68,9,1
68,10,0
68,11,1
68,12,0
68,13,0
68,14,0
68,15,0
68,16,1
68,17,1
68,18,0
68,19,1
68,20,1
68,21,0
68,22,1
68,23,1
68,24,0
68,25,1
68,26,0
68,27,0
68,28,0
68,29,1
68,30,0
68,31,1
68,32,1
68,33,0
68,34,1
68,35,0
68,36,1
68,37,1
68,38,0
68,39,0
68,40,0
68,41,1
68,42,0
68,43,0
68,44,0
68,45,1
68,46,0
68,47,1
68,48,1
68,49,0
68,50,1
68,51,1
68,52,0
68,53,1
68,54,1
68,55,0
69,1,1
69,2,1
69,3,0
69,4,0
69,5,1
69,6,0
69,7,0
69,8,1
69,9,1
69,10,0
69,11,0
69,12,1
69,13,1
69,14,0
69,15,1
69,16,1
69,17,1
69,18,1
69,19,1
69,20,0
69,21,1
69,22,1
69,23,1
69,24,0
69,25,0
69,26,1
69,27,0
69,28,0
69,29,1
69,30,0
69,31,0
69,32,0
69,33,0
69,34,1
69,35,0
69,36,1
69,37,1
69,38,1
69,39,1
69,40,0
69,41,1
69,42,0
69,43,0
69,44,1
69,45,1
69,46,0
69,47,1
69,48,1
69,49,0
69,50,0
69,51,0
69,52,0
69,53,0
69,54,1
69,55,1
70,1,1
70,2,0
70,3,1
70,4,0
70,5,1
70,6,0
70,7,1
70,8,1
70,9,1
70,10,0
70,11,0
70,12,1
70,13,0
70,14,0
70,15,0
70,16,1
70,17,0
70,18,1
70,19,1
70,20,1
70,21,1
70,22,1
70,23,0
70,24,0
70,25,0
70,26,0
70,27,0
70,28,0
70,29,0
70,30,1
70,31,0
70,32,1
70,33,1
70,34,1
70,35,0
70,36,1
70,37,1
70,38,1
70,39,1
70,40,1
70,41,1
70,42,0
70,43,0
70,44,1
70,45,0
70,46,0
70,47,1
70,48,0
70,49,0
70,50,1
70,51,1
70,52,1
70,53,1
70,54,0
70,55,0
71,1,1
71,2,1
71,3,1
71,4,1
71,5,1
71,6,1
71,7,0
71,8,1
71,9,1
71,10,0
71,11,0
71,12,1
71,13,1
71,14,1
71,15,1
71,16,1
71,17,1
71,18,1
71,19,1
71,20,0
71,21,1
71,22,0
71,23,1
71,24,1
71,25,1
71,26,1
71,27,0
71,28,1
71,29,1
71,30,1
71,31,1
71,32,1
71,33,1
71,34,1
71,35,1
71,36,1
71,37,1
71,38,1
71,39,1
71,40,1
71,41,1
71,42,1
71,43,1
71,44,1
71,45,1
71,46,0
71,47,0
71,48,1
71,49,1
71,50,1
71,51,1
71,52,1
71,53,0
71,54,1
71,55,1
72,1,1
72,2,0
72,3,0
72,4,1
72,5,1
72,6,1
72,7,1
72,8,1
72,9,1
72,10,1
72,11,1
72,12,0
72,13,0
72,14,1
72,15,1
72,16,0
72,17,0
72,18,1
72,19,0
72,20,1
72,21,1
72,22,1
72,23,0
72,24,1
72,25,1
72,26,1
72,27,1
72,28,0
72,29,1
72,30,1
72,31,1
72,32,1
72,33,1
72,34,1
72,35,1
72,36,0
72,37,1
72,38,1
72,39,1
72,40,1
72,41,0
72,42,1
72,43,0
72,44,1
72,45,1
72,46,0
72,47,0
72,48,1
72,49,0
72,50,1
72,51,1
72,52,1
72,53,0
72,54,1
72,55,1
73,1,1
73,2,1
73,3,1
73,4,1
73,5,1
73,6,1
73,7,1
73,8,1
73,9,1
73,10,1
73,11,1
73,12,1
73,13,1
73,14,0
73,15,1
73,16,1
73,17,1
73,18,1
73,19,1
73,20,1
73,21,1
73,22,1
73,23,1
73,24,0
73,25,1
73,26,1
73,27,0
73,28,1
73,29,1
73,30,1
73,31,1
73,32,1
73,33,1
73,34,1
73,35,0
73,36,1
73,37,1
73,38,1
73,39,1
73,40,1
73,41,1
73,42,1
73,43,1
73,44,1
73,45,1
73,46,1
73,47,1
73,48,1
73,49,1
73,50,1
73,51,1
73,52,0
73,53,1
73,54,1
73,55,1
74,1,1
74,2,1
74,3,1
74,4,0
74,5,1
74,6,1
74,7,0
74,8,1
74,9,1
74,10,1
74,11,1
74,12,1
74,13,0
74,14,0
74,15,1
74,16,1
74,17,1
74,18,1
74,19,0
74,20,0
74,21,1
74,22,1
74,23,0
74,24,1
74,25,1
74,26,1
74,27,0
74,28,0
74,29,1
74,30,1
74,31,1
74,32,1
74,33,1
74,34,1
74,35,1
74,36,1
74,37,0
74,38,1
74,39,1
74,40,1
74,41,1
74,42,1
74,43,1
74,44,1
74,45,1
74,46,0
74,47,0
74,48,1
74,49,1
74,50,0
74,51,0
74,52,0
74,53,0
74,54,1
74,55,0
75,1,1
75,2,1
75,3,1
75,4,0
75,5,0
75,6,0
75,7,0
75,8,1
75,9,1
75,10,1
75,11,1
75,12,0
75,13,1
75,14,1
75,15,1
75,16,1
75,17,1
75,18,1
75,19,1
75,20,1
75,21,1
75,22,1
75,23,1
75,24,1
75,25,0
75,26,1
75,27,1
75,28,0
75,29,1
75,30,1
75,31,0
75,32,1
75,33,1
75,34,1
75,35,0
75,36,1
75,37,1
75,38,1
75,39,0
75,40,1
75,41,0
75,42,0
75,43,1
75,44,1
75,45,1
75,46,0
75,47,1
75,48,1
75,49,1
75,50,1
75,51,1
75,52,1
75,53,0
75,54,1
75,55,0
76,1,1
76,2,0
76,3,1
76,4,1
76,5,0
76,6,1
76,7,1
76,8,1
76,9,0
76,10,1
76,11,1
76,12,1
76,13,0
76,14,1
76,15,0
76,16,1
76,17,1
76,18,0
76,19,1
76,20,0
76,21,1
76,22,1
76,23,1
76,24,0
76,25,1
76,26,0
76,27,0
76,28,0
76,29,1
76,30,1
76,31,1
76,32,1
76,33,1
76,34,1
76,35,1
76,36,1
76,37,1
76,38,1
76,39,1
76,40,1
76,41,1
76,42,1
76,43,1
76,44,1
76,45,1
76,46,0
76,47,1
76,48,1
76,49,0
76,50,1
76,51,0
76,52,0
76,53,1
76,54,1
76,55,1
77,1,1
77,2,1
77,3,1
77,4,1
77,5,1
77,6,1
77,7,0
77,8,1
77,9,1
77,10,1
77,11,1
77,12,1
77,13,1
77,14,1
77,15,1
77,16,1
77,17,1
77,18,1
77,19,1
77,20,1
77,21,1
77,22,1
77,23,1
77,24,1
77,25,1
77,26,1
77,27,1
77,28,1
77,29,0
77,30,1
77,31,1
77,32,1
77,33,1
77,34,1
77,35,1
77,36,1
77,37,1
77,38,1
77,39,0
77,40,1
77,41,1
77,42,1
77,43,1
77,44,1
77,45,1
77,46,1
77,47,1
77,48,1
77,49,1
77,50,1
77,51,1
77,52,1
77,53,1
77,54,1
77,55,1
78,1,1
78,2,1
78,3,1
78,4,1
78,5,1
78,6,1
78,7,0
78,8,1
78,9,0
78,10,0
78,11,1
78,12,0
78,13,0
78,14,1
78,15,0
78,16,1
78,17,0
78,18,0
78,19,1
78,20,0
78,21,1
78,22,0
78,23,1
78,24,0
78,25,1
78,26,0
78,27,0
78,28,0
78,29,1
78,30,0
78,31,0
78,32,1
78,33,1
78,34,0
78,35,0
78,36,1
78,37,1
78,38,0
78,39,0
78,40,1
78,41,0
78,42,0
78,43,1
78,44,0
78,45,1
78,46,0
78,47,0
78,48,1
78,49,0
78,50,0
78,51,1
78,52,1
78,53,0
78,54,1
78,55,1
79,1,1
79,2,1
79,3,1
79,4,1
79,5,1
79,6,0
79,7,1
79,8,1
79,9,1
79,10,1
79,11,1
79,12,1
79,13,1
79,14,1
79,15,1
79,16,1
79,17,1
79,18,1
79,19,1
79,20,1
79,21,1
79,22,1
79,23,1
79,24,0
79,25,1
79,26,0
79,27,0
79,28,1
79,29,1
79,30,1
79,31,1
79,32,1
79,33,1
79,34,1
79,35,0
79,36,0
79,37,1
79,38,1
79,39,1
79,40,1
79,41,1
79,42,1
79,43,1
79,44,0
79,45,1
79,46,1
79,47,0
79,48,1
79,49,0
79,50,1
79,51,1
79,52,1
79,53,0
79,54,1
79,55,0
80,1,1
80,2,1
80,3,0
80,4,1
80,5,0
80,6,1
80,7,1
80,8,1
80,9,1
80,10,1
80,11,1
80,12,0
80,13,0
80,14,0
80,15,0
80,16,1
80,17,1
80,18,1
80,19,1
80,20,0
80,21,1
80,22,1
80,23,1
80,24,1
80,25,1
80,26,1
80,27,0
80,28,0
80,29,1
80,30,1
80,31,0
80,32,0
80,33,1
80,34,1
80,35,1
80,36,0
80,37,1
80,38,1
80,39,1
80,40,1
80,41,1
80,42,1
80,43,1
80,44,1
80,45,1
80,46,0
80,47,1
80,48,1
80,49,1
80,50,1
80,51,1
80,52,1
80,53,0
80,54,0
80,55,1
81,1,1
81,2,1
81,3,1
81,4,1
81,5,0
81,6,1
81,7,1
81,8,1
81,9,1
81,10,1
81,11,1
81,12,0
81,13,0
81,14,0
81,15,1
81,16,1
81,17,1
81,18,1
81,19,0
81,20,1
81,21,1
81,22,1
81,23,1
81,24,0
81,25,1
81,26,1
81,27,1
81,28,0
81,29,1
81,30,1
81,31,0
81,32,1
81,33,1
81,34,1
81,35,0
81,36,1
81,37,1
81,38,1
81,39,1
81,40,0
81,41,1
81,42,0
81,43,0
81,44,1
81,45,1
81,46,0
81,47,0
81,48,1
81,49,0
81,50,1
81,51,1
81,52,1
81,53,1
81,54,1
81,55,1
82,1,1
82,2,1
82,3,1
82,4,1
82,5,0
82,6,1
82,7,1
82,8,0
82,9,1
82,10,1
82,11,1
82,12,1
82,13,1
82,14,0
82,15,1
82,16,1
82,17,0
82,18,1
82,19,1
82,20,1
82,21,1
82,22,1
82,23,1
82,24,1
82,25,1
82,26,1
82,27,1
82,28,1
82,29,0
82,30,1
82,31,1
82,32,1
82,33,1
82,34,1
82,35,1
82,36,1
82,37,1
82,38,1
82,39,1
82,40,1
82,41,1
82,42,1
82,43,0
82,44,1
82,45,1
82,46,1
82,47,1
82,48,1
82,49,1
82,50,0
82,51,1
82,52,1
82,53,1
82,54,1
82,55,1
83,1,1
83,2,1
83,3,1
83,4,1
83,5,1
83,6,1
83,7,0
83,8,0
83,9,1
83,10,0
83,11,1
83,12,1
83,13,0
83,14,1
83,15,1
83,16,1
83,17,1
83,18,1
83,19,1
83,20,1
83,21,1
83,22,1
83,23,1
83,24,1
83,25,0
83,26,1
83,27,0
83,28,0
83,29,0
83,30,1
83,31,0
83,32,1
83,33,1
83,34,1
83,35,0
83,36,1
83,37,1
83,38,0
83,39,0
83,40,1
83,41,0
83,42,0
83,43,1
83,44,1
83,45,1
83,46,0
83,47,1
83,48,1
83,49,0
83,50,1
83,51,1
83,52,0
83,53,0
83,54,1
83,55,0
84,1,1
84,2,1
84,3,0
84,4,0
84,5,1
84,6,1
84,7,1
84,8,1
84,9,0
84,10,1
84,11,1
84,12,1
84,13,0
84,14,1
84,15,0
84,16,1
84,17,1
84,18,1
84,19,1
84,20,1
84,21,1
84,22,0
84,23,1
84,24,1
84,25,1
84,26,1
84,27,0
84,28,1
84,29,1
84,30,0
84,31,1
84,32,1
84,33,0
84,34,1
84,35,1
84,36,1
84,37,1
84,38,1
84,39,0
84,40,1
84,41,1
84,42,0
84,43,0
84,44,0
84,45,0
84,46,0
84,47,0
84,48,0
84,49,1
84,50,0
84,51,0
84,52,0
84,53,0
84,54,0
84,55,0
85,1,1
85,2,1
85,3,1
85,4,0
85,5,0
85,6,1
85,7,0
85,8,1
85,9,1
85,10,1
85,11,1
85,12,0
85,13,0
85,14,1
85,15,1
85,16,1
85,17,1
85,18,0
85,19,0
85,20,1
85,21,0
85,22,0
85,23,1
85,24,1
85,25,0
85,26,0
85,27,1
85,28,0
85,29,0
85,30,1
85,31,1
85,32,0
85,33,1
85,34,1
85,35,1
85,36,0
85,37,1
85,38,1
85,39,1
85,40,1
85,41,1
85,42,0
85,43,0
85,44,0
85,45,0
85,46,1
85,47,1
85,48,1
85,49,1
85,50,1
85,51,0
85,52,1
85,53,0
85,54,0
85,55,1
86,1,0
86,2,1
86,3,1
86,4,1
86,5,0
86,6,0
86,7,1
86,8,1
86,9,1
86,10,1
86,11,0
86,12,1
86,13,1
86,14,1
86,15,0
86,16,1
86,17,1
86,18,0
86,19,1
86,20,0
86,21,1
86,22,1
86,23,1
86,24,0
86,25,1
86,26,1
86,27,0
86,28,1
86,29,1
86,30,0
86,31,1
86,32,1
86,33,1
86,34,1
86,35,0
86,36,0
86,37,1
86,38,1
86,39,0
86,40,1
86,41,1
86,42,1
86,43,1
86,44,0
86,45,1
86,46,0
86,47,1
86,48,0
86,49,1
86,50,1
86,51,1
86,52,0
86,53,1
86,54,0
86,55,1
87,1,0
87,2,1
87,3,1
87,4,1
87,5,1
87,6,1
87,7,1
87,8,1
87,9,1
87,10,1
87,11,1
87,12,0
87,13,1
87,14,1
87,15,1
87,16,1
87,17,1
87,18,1
87,19,1
87,20,1
87,21,1
87,22,1
87,23,1
87,24,1
87,25,1
87,26,1
87,27,1
87,28,1
87,29,1
87,30,1
87,31,1
87,32,1
87,33,1
87,34,1
87,35,1
87,36,1
87,37,1
87,38,1
87,39,1
87,40,1
87,41,1
87,42,1
87,43,0
87,44,1
87,45,1
87,46,1
87,47,1
87,48,1
87,49,1
87,50,1
87,51,1
87,52,1
87,53,1
87,54,1
87,55,1
88,1,1
88,2,1
88,3,1
88,4,1
88,5,1
88,6,1
88,7,1
88,8,1
88,9,1
88,10,0
88,11,1
88,12,1
88,13,0
88,14,1
88,15,0
88,16,1
88,17,1
88,18,0
88,19,1
88,20,0
88,21,1
88,22,1
88,23,1
88,24,1
88,25,1
88,26,1
88,27,1
88,28,0
88,29,1
88,30,1
88,31,1
88,32,1
88,33,1
88,34,1
88,35,1
88,36,1
88,37,1
88,38,0
88,39,1
88,40,1
88,41,1
88,42,1
88,43,0
88,44,1
88,45,1
88,46,1
88,47,1
88,48,1
88,49,0
88,50,1
88,51,1
88,52,1
88,53,0
88,54,1
88,55,1
89,1,1
89,2,1
89,3,0
89,4,1
89,5,1
89,6,1
89,7,0
89,8,1
89,9,1
89,10,1
89,11,1
89,12,1
89,13,0
89,14,1
89,15,1
89,16,1
89,17,1
89,18,1
89,19,1
89,20,0
89,21,1
89,22,1
89,23,1
89,24,0
89,25,1
89,26,1
89,27,0
89,28,0
89,29,1
89,30,1
89,31,1
89,32,1
89,33,1
89,34,1
89,35,1
89,36,1
89,37,0
89,38,0
89,39,1
89,40,1
89,41,1
89,42,1
89,43,0
89,44,1
89,45,1
89,46,1
89,47,1
89,48,1
89,49,0
89,50,1
89,51,1
89,52,1
89,53,1
89,54,0
89,55,1
90,1,1
90,2,0
90,3,1
90,4,1
90,5,1
90,6,1
90,7,1
90,8,1
90,9,1
90,10,0
90,11,1
90,12,1
90,13,1
90,14,1
90,15,1
90,16,1
90,17,1
90,18,1
90,19,1
90,20,1
90,21,1
90,22,1
90,23,1
90,24,1
90,25,1
90,26,0
90,27,1
90,28,0
90,29,0
90,30,1
90,31,1
90,32,1
90,33,1
90,34,1
90,35,0
90,36,1
90,37,1
90,38,1
90,39,1
90,40,1
90,41,1
90,42,0
90,43,1
90,44,0
90,45,1
90,46,1
90,47,1
90,48,1
90,49,1
90,50,1
90,51,1
90,52,0
90,53,1
90,54,1
90,55,1
91,1,1
91,2,1
91,3,1
91,4,1
91,5,1
91,6,1
91,7,1
91,8,1
91,9,1
91,10,1
91,11,1
91,12,1
91,13,1
91,14,1
91,15,1
91,16,1
91,17,1
91,18,1
91,19,1
91,20,1
91,21,1
91,22,1
91,23,1
91,24,1
91,25,1
91,26,1
91,27,1
91,28,1
91,29,1
91,30,1
91,31,1
91,32,1
91,33,1
91,34,1
91,35,1
91,36,1
91,37,1
91,38,1
91,39,1
91,40,1
91,41,1
91,42,1
91,43,1
91,44,1
91,45,1
91,46,1
91,47,1
91,48,1
91,49,1
91,50,1
91,51,1
91,52,0
91,53,1
91,54,1
91,55,1
92,1,1
92,2,1
92,3,1
92,4,1
92,5,1
92,6,0
92,7,0
92,8,1
92,9,1
92,10,1
92,11,0
92,12,1
92,13,1
92,14,1
92,15,1
92,16,1
92,17,1
92,18,0
92,19,1
92,20,0
92,21,1
92,22,0
92,23,0
92,24,1
92,25,0
92,26,0
92,27,0
92,28,0
92,29,0
92,30,1
92,31,0
92,32,1
92,33,1
92,34,1
92,35,0
92,36,1
92,37,1
92,38,1
92,39,1
92,40,1
92,41,0
92,42,1
92,43,1
92,44,0
92,45,1
92,46,0
92,47,0
92,48,1
92,49,0
92,50,1
92,51,0
92,52,0
92,53,1
92,54,1
92,55,1
93,1,1
93,2,1
93,3,1
93,4,1
93,5,1
93,6,0
93,7,1
93,8,1
93,9,1
93,10,1
93,11,1
93,12,1
93,13,1
93,14,1
93,15,1
93,16,1
93,17,1
93,18,1
93,19,0
93,20,1
93,21,1
93,22,1
93,23,1
93,24,1
93,25,1
93,26,0
93,27,0
93,28,0
93,29,0
93,30,1
93,31,0
93,32,1
93,33,1
93,34,1
93,35,1
93,36,1
93,37,1
93,38,1
93,39,1
93,40,1
93,41,1
93,42,1
93,43,1
93,44,1
93,45,1
93,46,1
93,47,1
93,48,1
93,49,1
93,50,1
93,51,1
93,52,0
93,53,1
93,54,1
93,55,1
94,1,1
94,2,1
94,3,1
94,4,1
94,5,0
94,6,0
94,7,1
94,8,1
94,9,1
94,10,1
94,11,1
94,12,1
94,13,1
94,14,1
94,15,0
94,16,1
94,17,1
94,18,1
94,19,1
94,20,1
94,21,1
94,22,1
94,23,1
94,24,1
94,25,1
94,26,1
94,27,1
94,28,0
94,29,1
94,30,1
94,31,1
94,32,1
94,33,1
94,34,1
94,35,0
94,36,1
94,37,1
94,38,1
94,39,0
94,40,1
94,41,1
94,42,1
94,43,1
94,44,0
94,45,1
94,46,1
94,47,0
94,48,0
94,49,0
94,50,0
94,51,0
94,52,0
94,53,1
94,54,1
94,55,1
95,1,0
95,2,1
95,3,1
95,4,1
95,5,1
95,6,1
95,7,1
95,8,1
95,9,1
95,10,1
95,11,1
95,12,0
95,13,1
95,14,1
95,15,1
95,16,0
95,17,1
95,18,1
95,19,1
95,20,1
95,21,1
95,22,1
95,23,1
95,24,1
95,25,1
95,26,0
95,27,1
95,28,0
95,29,1
95,30,1
95,31,0
95,32,1
95,33,1
95,34,0
95,35,1
95,36,0
95,37,1
95,38,1
95,39,0
95,40,1
95,41,1
95,42,1
95,43,1
95,44,1
95,45,0
95,46,0
95,47,0
95,48,1
95,49,0
95,50,1
95,51,0
95,52,1
95,53,0
95,54,1
95,55,1
96,1,0
96,2,0
96,3,0
96,4,0
96,5,1
96,6,1
96,7,0
96,8,1
96,9,1
96,10,1
96,11,0
96,12,0
96,13,0
96,14,0
96,15,0
96,16,0
96,17,1
96,18,1
96,19,0
96,20,0
96,21,0
96,22,1
96,23,0
96,24,0
96,25,0
96,26,0
96,27,0
96,28,0
96,29,0
96,30,1
96,31,1
96,32,1
96,33,1
96,34,0
96,35,0
96,36,0
96,37,0
96,38,1
96,39,0
96,40,1
96,41,0
96,42,1
96,43,0
96,44,0
96,45,1
96,46,0
96,47,1
96,48,0
96,49,1
96,50,1
96,51,0
96,52,1
96,53,0
96,54,1
96,55,1
97,1,0
97,2,0
97,3,1
97,4,1
97,5,1
97,6,0
97,7,1
97,8,0
97,9,1
97,10,0
97,11,1
97,12,1
97,13,1
97,14,1
97,15,1
97,16,1
97,17,1
97,18,0
97,19,1
97,20,1
97,21,0
97,22,0
97,23,1
97,24,1
97,25,1
97,26,0
97,27,0
97,28,1
97,29,1
97,30,1
97,31,0
97,32,1
97,33,1
97,34,1
97,35,0
97,36,1
97,37,1
97,38,1
97,39,0
97,40,1
97,41,1
97,42,1
97,43,0
97,44,0
97,45,1
97,46,1
97,47,0
97,48,0
97,49,0
97,50,1
97,51,1
97,52,0
97,53,1
97,54,0
97,55,1
98,1,1
98,2,1
98,3,1
98,4,1
98,5,1
98,6,0
98,7,0
98,8,1
98,9,1
98,10,1
98,11,1
98,12,1
98,13,0
98,14,1
98,15,0
98,16,1
98,17,1
98,18,0
98,19,1
98,20,1
98,21,1
98,22,0
98,23,1
98,24,0
98,25,0
98,26,0
98,27,0
98,28,1
98,29,1
98,30,1
98,31,1
98,32,1
98,33,1
98,34,1
98,35,1
98,36,1
98,37,1
98,38,1
98,39,1
98,40,1
98,41,1
98,42,1
98,43,0
98,44,1
98,45,1
98,46,0
98,47,0
98,48,1
98,49,0
98,50,1
98,51,1
98,52,1
98,53,1
98,54,1
98,55,1
99,1,1
99,2,1
99,3,1
99,4,1
99,5,1
99,6,1
99,7,0
99,8,0
99,9,1
99,10,1
99,11,1
99,12,0
99,13,1
99,14,1
99,15,1
99,16,1
99,17,1
99,18,1
99,19,1
99,20,1
99,21,1
99,22,1
99,23,0
99,24,1
99,25,0
99,26,1
99,27,0
99,28,0
99,29,1
99,30,1
99,31,1
99,32,1
99,33,1
99,34,1
99,35,1
99,36,1
99,37,1
99,38,1
99,39,1
99,40,1
99,41,1
99,42,1
99,43,1
99,44,0
99,45,1
99,46,0
99,47,1
99,48,0
99,49,1
99,50,1
99,51,0
99,52,1
99,53,1
99,54,1
99,55,0
100,1,1
100,2,1
100,3,0
100,4,0
100,5,1
100,6,1
100,7,1
100,8,1
100,9,1
100,10,0
100,11,1
100,12,1
100,13,1
100,14,0
100,15,1
100,16,0
100,17,1
100,18,1
100,19,1
100,20,0
100,21,0
100,22,1
100,23,1
100,24,1
100,25,1
100,26,0
100,27,1
100,28,1
100,29,1
100,30,1
100,31,0
100,32,1
100,33,1
100,34,1
100,35,0
100,36,0
100,37,1
100,38,1
100,39,1
100,40,1
100,41,1
100,42,0
100,43,0
100,44,1
100,45,1
100,46,1
100,47,1
100,48,1
100,49,0
100,50,1
100,51,1
100,52,1
100,53,1
100,54,1
100,55,0
