state_name,state_abbr,region,state_median_income,rs_state_median_income,income,pid
Connecticut,CT,Northeast,96,0.6099185603184892,-2,1. Strong Democrat
Connecticut,CT,Northeast,96,0.6099185603184892,-2,1. Strong Democrat
Connecticut,CT,Northeast,96,0.6099185603184892,-2,1. Strong Democrat
Connecticut,CT,Northeast,96,0.6099185603184892,-2,1. Strong Democrat
Connecticut,CT,Northeast,96,0.6099185603184892,-2,1. Strong Democrat
Connecticut,CT,Northeast,96,0.6099185603184892,-2,1. Strong Democrat
Connecticut,CT,Northeast,96,0.6099185603184892,-2,1. Strong Democrat
Connecticut,CT,Northeast,96,0.6099185603184892,-2,1. Strong Democrat
Connecticut,CT,Northeast,96,0.6099185603184892,-2,1. Strong Democrat
Connecticut,CT,Northeast,96,0.6099185603184892,-2,1. Strong Democrat
Connecticut,CT,Northeast,96,0.6099185603184892,-2,1. Strong Democrat
Connecticut,CT,Northeast,96,0.6099185603184892,-2,1. Strong Democrat
Connecticut,CT,Northeast,96,0.6099185603184892,-2,1. Strong Democrat
Connecticut,CT,Northeast,96,0.6099185603184892,-2,1. Strong Democrat
Connecticut,CT,Northeast,96,0.6099185603184892,-2,1. Strong Democrat
Connecticut,CT,Northeast,96,0.6099185603184892,-2,1. Strong Democrat
Connecticut,CT,Northeast,96,0.6099185603184892,-2,1. Strong Democrat
Connecticut,CT,Northeast,96,0.6099185603184892,-2,1. Strong Democrat
Connecticut,CT,Northeast,96,0.6099185603184892,-2,1. Strong Democrat
Connecticut,CT,Northeast,96,0.6099185603184892,-2,1. Strong Democrat
Connecticut,CT,Northeast,96,0.6099185603184892,-2,1. Strong Democrat
Connecticut,CT,Northeast,96,0.6099185603184892,-2,1. Strong Democrat
Connecticut,CT,Northeast,96,0.6099185603184892,-2,1. Strong Democrat
Connecticut,CT,Northeast,96,0.6099185603184892,-2,1. Strong Democrat
Connecticut,CT,Northeast,96,0.6099185603184892,-2,1. Strong Democrat
Connecticut,CT,Northeast,96,0.6099185603184892,-2,1. Strong Democrat
Connecticut,CT,Northeast,96,0.6099185603184892,-2,1. Strong Democrat
Connecticut,CT,Northeast,96,0.6099185603184892,-2,2. Not very strong Democrat
Connecticut,CT,Northeast,96,0.6099185603184892,-2,2. Not very strong Democrat
Connecticut,CT,Northeast,96,0.6099185603184892,-2,2. Not very strong Democrat
Connecticut,CT,Northeast,96,0.6099185603184892,-2,2. Not very strong Democrat
Connecticut,CT,Northeast,96,0.6099185603184892,-2,2. Not very strong Democrat
Connecticut,CT,Northeast,96,0.6099185603184892,-2,2. Not very strong Democrat
Connecticut,CT,Northeast,96,0.6099185603184892,-2,2. Not very strong Democrat
Connecticut,CT,Northeast,96,0.6099185603184892,-2,3. Independent (leans Democrat)
Connecticut,CT,Northeast,96,0.6099185603184892,-2,3. Independent (leans Democrat)
Connecticut,CT,Northeast,96,0.6099185603184892,-2,3. Independent (leans Democrat)
Connecticut,CT,Northeast,96,0.6099185603184892,-2,4. Independent
Connecticut,CT,Northeast,96,0.6099185603184892,-2,4. Independent
Connecticut,CT,Northeast,96,0.6099185603184892,-2,4. Independent
Connecticut,CT,Northeast,96,0.6099185603184892,-2,4. Independent
Connecticut,CT,Northeast,96,0.6099185603184892,-2,4. Independent
Connecticut,CT,Northeast,96,0.6099185603184892,-2,4. Independent
Connecticut,CT,Northeast,96,0.6099185603184892,-2,4. Independent
Connecticut,CT,Northeast,96,0.6099185603184892,-2,4. Independent
Connecticut,CT,Northeast,96,0.6099185603184892,-2,4. Independent
Connecticut,CT,Northeast,96,0.6099185603184892,-2,4. Independent
Connecticut,CT,Northeast,96,0.6099185603184892,-2,4. Independent
Connecticut,CT,Northeast,96,0.6099185603184892,-2,4. Independent
Connecticut,CT,Northeast,96,0.6099185603184892,-2,4. Independent
Connecticut,CT,Northeast,96,0.6099185603184892,-2,4. Independent
Connecticut,CT,Northeast,96,0.6099185603184892,-2,4. Independent
Connecticut,CT,Northeast,96,0.6099185603184892,-2,5. Independent (leans Republican)
Connecticut,CT,Northeast,96,0.6099185603184892,-2,5. Independent (leans Republican)
Connecticut,CT,Northeast,96,0.6099185603184892,-2,5. Independent (leans Republican)
Connecticut,CT,Northeast,96,0.6099185603184892,-2,5. Independent (leans Republican)
Connecticut,CT,Northeast,96,0.6099185603184892,-2,6. Not very strong Republican
Connecticut,CT,Northeast,96,0.6099185603184892,-2,6. Not very strong Republican
Connecticut,CT,Northeast,96,0.6099185603184892,-2,7. Strong Republican
Connecticut,CT,Northeast,96,0.6099185603184892,-2,7. Strong Republican
Connecticut,CT,Northeast,96,0.6099185603184892,-2,7. Strong Republican
Connecticut,CT,Northeast,96,0.6099185603184892,-2,7. Strong Republican
Connecticut,CT,Northeast,96,0.6099185603184892,-2,7. Strong Republican
Connecticut,CT,Northeast,96,0.6099185603184892,-1,1. Strong Democrat
Connecticut,CT,Northeast,96,0.6099185603184892,-1,1. Strong Democrat
Connecticut,CT,Northeast,96,0.6099185603184892,-1,1. Strong Democrat
Connecticut,CT,Northeast,96,0.6099185603184892,-1,1. Strong Democrat
Connecticut,CT,Northeast,96,0.6099185603184892,-1,1. Strong Democrat
Connecticut,CT,Northeast,96,0.6099185603184892,-1,1. Strong Democrat
Connecticut,CT,Northeast,96,0.6099185603184892,-1,1. Strong Democrat
Connecticut,CT,Northeast,96,0.6099185603184892,-1,1. Strong Democrat
Connecticut,CT,Northeast,96,0.6099185603184892,-1,1. Strong Democrat
Connecticut,CT,Northeast,96,0.6099185603184892,-1,1. Strong Democrat
Connecticut,CT,Northeast,96,0.6099185603184892,-1,1. Strong Democrat
Connecticut,CT,Northeast,96,0.6099185603184892,-1,1. Strong Democrat
Connecticut,CT,Northeast,96,0.6099185603184892,-1,1. Strong Democrat
Connecticut,CT,Northeast,96,0.6099185603184892,-1,1. Strong Democrat
Connecticut,CT,Northeast,96,0.6099185603184892,-1,1. Strong Democrat
Connecticut,CT,Northeast,96,0.6099185603184892,-1,1. Strong Democrat
Connecticut,CT,Northeast,96,0.6099185603184892,-1,1. Strong Democrat
Connecticut,CT,Northeast,96,0.6099185603184892,-1,1. Strong Democrat
Connecticut,CT,Northeast,96,0.6099185603184892,-1,1. Strong Democrat
Connecticut,CT,Northeast,96,0.6099185603184892,-1,1. Strong Democrat
Connecticut,CT,Northeast,96,0.6099185603184892,-1,1. Strong Democrat
Connecticut,CT,Northeast,96,0.6099185603184892,-1,1. Strong Democrat
Connecticut,CT,Northeast,96,0.6099185603184892,-1,1. Strong Democrat
Connecticut,CT,Northeast,96,0.6099185603184892,-1,1. Strong Democrat
Connecticut,CT,Northeast,96,0.6099185603184892,-1,1. Strong Democrat
Connecticut,CT,Northeast,96,0.6099185603184892,-1,1. Strong Democrat
Connecticut,CT,Northeast,96,0.6099185603184892,-1,1. Strong Democrat
Connecticut,CT,Northeast,96,0.6099185603184892,-1,1. Strong Democrat
Connecticut,CT,Northeast,96,0.6099185603184892,-1,2. Not very strong Democrat
Connecticut,CT,Northeast,96,0.6099185603184892,-1,2. Not very strong Democrat
Connecticut,CT,Northeast,96,0.6099185603184892,-1,2. Not very strong Democrat
Connecticut,CT,Northeast,96,0.6099185603184892,-1,2. Not very strong Democrat
Connecticut,CT,Northeast,96,0.6099185603184892,-1,2. Not very strong Democrat
Connecticut,CT,Northeast,96,0.6099185603184892,-1,2. Not very strong Democrat
Connecticut,CT,Northeast,96,0.6099185603184892,-1,2. Not very strong Democrat
Connecticut,CT,Northeast,96,0.6099185603184892,-1,3. Independent (leans Democrat)
Connecticut,CT,Northeast,96,0.6099185603184892,-1,3. Independent (leans Democrat)
Connecticut,CT,Northeast,96,0.6099185603184892,-1,3. Independent (leans Democrat)
Connecticut,CT,Northeast,96,0.6099185603184892,-1,3. Independent (leans Democrat)
Connecticut,CT,Northeast,96,0.6099185603184892,-1,3. Independent (leans Democrat)
Connecticut,CT,Northeast,96,0.6099185603184892,-1,3. Independent (leans Democrat)
Connecticut,CT,Northeast,96,0.6099185603184892,-1,3. Independent (leans Democrat)
Connecticut,CT,Northeast,96,0.6099185603184892,-1,3. Independent (leans Democrat)
Connecticut,CT,Northeast,96,0.6099185603184892,-1,3. Independent (leans Democrat)
Connecticut,CT,Northeast,96,0.6099185603184892,-1,3. Independent (leans Democrat)
Connecticut,CT,Northeast,96,0.6099185603184892,-1,4. Independent
Connecticut,CT,Northeast,96,0.6099185603184892,-1,4. Independent
Connecticut,CT,Northeast,96,0.6099185603184892,-1,4. Independent
Connecticut,CT,Northeast,96,0.6099185603184892,-1,4. Independent
Connecticut,CT,Northeast,96,0.6099185603184892,-1,4. Independent
Connecticut,CT,Northeast,96,0.6099185603184892,-1,4. Independent
Connecticut,CT,Northeast,96,0.6099185603184892,-1,4. Independent
Connecticut,CT,Northeast,96,0.6099185603184892,-1,4. Independent
Connecticut,CT,Northeast,96,0.6099185603184892,-1,4. Independent
Connecticut,CT,Northeast,96,0.6099185603184892,-1,4. Independent
Connecticut,CT,Northeast,96,0.6099185603184892,-1,4. Independent
Connecticut,CT,Northeast,96,0.6099185603184892,-1,4. Independent
Connecticut,CT,Northeast,96,0.6099185603184892,-1,4. Independent
Connecticut,CT,Northeast,96,0.6099185603184892,-1,4. Independent
Connecticut,CT,Northeast,96,0.6099185603184892,-1,4. Independent
Connecticut,CT,Northeast,96,0.6099185603184892,-1,4. Independent
Connecticut,CT,Northeast,96,0.6099185603184892,-1,4. Independent
Connecticut,CT,Northeast,96,0.6099185603184892,-1,4. Independent
Connecticut,CT,Northeast,96,0.6099185603184892,-1,4. Independent
Connecticut,CT,Northeast,96,0.6099185603184892,-1,4. Independent
Connecticut,CT,Northeast,96,0.6099185603184892,-1,5. Independent (leans Republican)
Connecticut,CT,Northeast,96,0.6099185603184892,-1,5. Independent (leans Republican)
Connecticut,CT,Northeast,96,0.6099185603184892,-1,5. Independent (leans Republican)
Connecticut,CT,Northeast,96,0.6099185603184892,-1,5. Independent (leans Republican)
Connecticut,CT,Northeast,96,0.6099185603184892,-1,5. Independent (leans Republican)
Connecticut,CT,Northeast,96,0.6099185603184892,-1,5. Independent (leans Republican)
Connecticut,CT,Northeast,96,0.6099185603184892,-1,6. Not very strong Republican
Connecticut,CT,Northeast,96,0.6099185603184892,-1,6. Not very strong Republican
Connecticut,CT,Northeast,96,0.6099185603184892,-1,6. Not very strong Republican
Connecticut,CT,Northeast,96,0.6099185603184892,-1,6. Not very strong Republican
Connecticut,CT,Northeast,96,0.6099185603184892,-1,6. Not very strong Republican
Connecticut,CT,Northeast,96,0.6099185603184892,-1,6. Not very strong Republican
Connecticut,CT,Northeast,96,0.6099185603184892,-1,7. Strong Republican
Connecticut,CT,Northeast,96,0.6099185603184892,-1,7. Strong Republican
Connecticut,CT,Northeast,96,0.6099185603184892,-1,7. Strong Republican
Connecticut,CT,Northeast,96,0.6099185603184892,-1,7. Strong Republican
Connecticut,CT,Northeast,96,0.6099185603184892,-1,7. Strong Republican
Connecticut,CT,Northeast,96,0.6099185603184892,-1,7. Strong Republican
Connecticut,CT,Northeast,96,0.6099185603184892,-1,7. Strong Republican
Connecticut,CT,Northeast,96,0.6099185603184892,-1,7. Strong Republican
Connecticut,CT,Northeast,96,0.6099185603184892,-1,7. Strong Republican
Connecticut,CT,Northeast,96,0.6099185603184892,-1,7. Strong Republican
Connecticut,CT,Northeast,96,0.6099185603184892,-1,7. Strong Republican
Connecticut,CT,Northeast,96,0.6099185603184892,-1,7. Strong Republican
Connecticut,CT,Northeast,96,0.6099185603184892,-1,7. Strong Republican
Connecticut,CT,Northeast,96,0.6099185603184892,-1,7. Strong Republican
Connecticut,CT,Northeast,96,0.6099185603184892,-1,7. Strong Republican
Connecticut,CT,Northeast,96,0.6099185603184892,0,1. Strong Democrat
Connecticut,CT,Northeast,96,0.6099185603184892,0,1. Strong Democrat
Connecticut,CT,Northeast,96,0.6099185603184892,0,1. Strong Democrat
Connecticut,CT,Northeast,96,0.6099185603184892,0,1. Strong Democrat
Connecticut,CT,Northeast,96,0.6099185603184892,0,1. Strong Democrat
Connecticut,CT,Northeast,96,0.6099185603184892,0,1. Strong Democrat
Connecticut,CT,Northeast,96,0.6099185603184892,0,1. Strong Democrat
Connecticut,CT,Northeast,96,0.6099185603184892,0,1. Strong Democrat
Connecticut,CT,Northeast,96,0.6099185603184892,0,1. Strong Democrat
Connecticut,CT,Northeast,96,0.6099185603184892,0,1. Strong Democrat
Connecticut,CT,Northeast,96,0.6099185603184892,0,1. Strong Democrat
Connecticut,CT,Northeast,96,0.6099185603184892,0,1. Strong Democrat
Connecticut,CT,Northeast,96,0.6099185603184892,0,1. Strong Democrat
Connecticut,CT,Northeast,96,0.6099185603184892,0,1. Strong Democrat
Connecticut,CT,Northeast,96,0.6099185603184892,0,1. Strong Democrat
Connecticut,CT,Northeast,96,0.6099185603184892,0,1. Strong Democrat
Connecticut,CT,Northeast,96,0.6099185603184892,0,1. Strong Democrat
Connecticut,CT,Northeast,96,0.6099185603184892,0,1. Strong Democrat
Connecticut,CT,Northeast,96,0.6099185603184892,0,1. Strong Democrat
Connecticut,CT,Northeast,96,0.6099185603184892,0,1. Strong Democrat
Connecticut,CT,Northeast,96,0.6099185603184892,0,1. Strong Democrat
Connecticut,CT,Northeast,96,0.6099185603184892,0,1. Strong Democrat
Connecticut,CT,Northeast,96,0.6099185603184892,0,1. Strong Democrat
Connecticut,CT,Northeast,96,0.6099185603184892,0,1. Strong Democrat
Connecticut,CT,Northeast,96,0.6099185603184892,0,1. Strong Democrat
Connecticut,CT,Northeast,96,0.6099185603184892,0,1. Strong Democrat
Connecticut,CT,Northeast,96,0.6099185603184892,0,1. Strong Democrat
Connecticut,CT,Northeast,96,0.6099185603184892,0,1. Strong Democrat
Connecticut,CT,Northeast,96,0.6099185603184892,0,1. Strong Democrat
Connecticut,CT,Northeast,96,0.6099185603184892,0,1. Strong Democrat
Connecticut,CT,Northeast,96,0.6099185603184892,0,1. Strong Democrat
Connecticut,CT,Northeast,96,0.6099185603184892,0,1. Strong Democrat
Connecticut,CT,Northeast,96,0.6099185603184892,0,1. Strong Democrat
Connecticut,CT,Northeast,96,0.6099185603184892,0,1. Strong Democrat
Connecticut,CT,Northeast,96,0.6099185603184892,0,1. Strong Democrat
Connecticut,CT,Northeast,96,0.6099185603184892,0,1. Strong Democrat
Connecticut,CT,Northeast,96,0.6099185603184892,0,1. Strong Democrat
Connecticut,CT,Northeast,96,0.6099185603184892,0,1. Strong Democrat
Connecticut,CT,Northeast,96,0.6099185603184892,0,1. Strong Democrat
Connecticut,CT,Northeast,96,0.6099185603184892,0,1. Strong Democrat
Connecticut,CT,Northeast,96,0.6099185603184892,0,1. Strong Democrat
Connecticut,CT,Northeast,96,0.6099185603184892,0,1. Strong Democrat
Connecticut,CT,Northeast,96,0.6099185603184892,0,1. Strong Democrat
Connecticut,CT,Northeast,96,0.6099185603184892,0,1. Strong Democrat
Connecticut,CT,Northeast,96,0.6099185603184892,0,1. Strong Democrat
Connecticut,CT,Northeast,96,0.6099185603184892,0,1. Strong Democrat
Connecticut,CT,Northeast,96,0.6099185603184892,0,2. Not very strong Democrat
Connecticut,CT,Northeast,96,0.6099185603184892,0,2. Not very strong Democrat
Connecticut,CT,Northeast,96,0.6099185603184892,0,2. Not very strong Democrat
Connecticut,CT,Northeast,96,0.6099185603184892,0,2. Not very strong Democrat
Connecticut,CT,Northeast,96,0.6099185603184892,0,2. Not very strong Democrat
Connecticut,CT,Northeast,96,0.6099185603184892,0,2. Not very strong Democrat
Connecticut,CT,Northeast,96,0.6099185603184892,0,2. Not very strong Democrat
Connecticut,CT,Northeast,96,0.6099185603184892,0,2. Not very strong Democrat
Connecticut,CT,Northeast,96,0.6099185603184892,0,2. Not very strong Democrat
Connecticut,CT,Northeast,96,0.6099185603184892,0,2. Not very strong Democrat
Connecticut,CT,Northeast,96,0.6099185603184892,0,2. Not very strong Democrat
Connecticut,CT,Northeast,96,0.6099185603184892,0,2. Not very strong Democrat
Connecticut,CT,Northeast,96,0.6099185603184892,0,2. Not very strong Democrat
Connecticut,CT,Northeast,96,0.6099185603184892,0,2. Not very strong Democrat
Connecticut,CT,Northeast,96,0.6099185603184892,0,2. Not very strong Democrat
Connecticut,CT,Northeast,96,0.6099185603184892,0,2. Not very strong Democrat
Connecticut,CT,Northeast,96,0.6099185603184892,0,2. Not very strong Democrat
Connecticut,CT,Northeast,96,0.6099185603184892,0,2. Not very strong Democrat
Connecticut,CT,Northeast,96,0.6099185603184892,0,2. Not very strong Democrat
Connecticut,CT,Northeast,96,0.6099185603184892,0,2. Not very strong Democrat
Connecticut,CT,Northeast,96,0.6099185603184892,0,3. Independent (leans Democrat)
Connecticut,CT,Northeast,96,0.6099185603184892,0,3. Independent (leans Democrat)
Connecticut,CT,Northeast,96,0.6099185603184892,0,3. Independent (leans Democrat)
Connecticut,CT,Northeast,96,0.6099185603184892,0,3. Independent (leans Democrat)
Connecticut,CT,Northeast,96,0.6099185603184892,0,3. Independent (leans Democrat)
Connecticut,CT,Northeast,96,0.6099185603184892,0,3. Independent (leans Democrat)
Connecticut,CT,Northeast,96,0.6099185603184892,0,3. Independent (leans Democrat)
Connecticut,CT,Northeast,96,0.6099185603184892,0,3. Independent (leans Democrat)
Connecticut,CT,Northeast,96,0.6099185603184892,0,3. Independent (leans Democrat)
Connecticut,CT,Northeast,96,0.6099185603184892,0,3. Independent (leans Democrat)
Connecticut,CT,Northeast,96,0.6099185603184892,0,3. Independent (leans Democrat)
Connecticut,CT,Northeast,96,0.6099185603184892,0,3. Independent (leans Democrat)
Connecticut,CT,Northeast,96,0.6099185603184892,0,3. Independent (leans Democrat)
Connecticut,CT,Northeast,96,0.6099185603184892,0,3. Independent (leans Democrat)
Connecticut,CT,Northeast,96,0.6099185603184892,0,3. Independent (leans Democrat)
Connecticut,CT,Northeast,96,0.6099185603184892,0,3. Independent (leans Democrat)
Connecticut,CT,Northeast,96,0.6099185603184892,0,3. Independent (leans Democrat)
Connecticut,CT,Northeast,96,0.6099185603184892,0,3. Independent (leans Democrat)
Connecticut,CT,Northeast,96,0.6099185603184892,0,3. Independent (leans Democrat)
Connecticut,CT,Northeast,96,0.6099185603184892,0,3. Independent (leans Democrat)
Connecticut,CT,Northeast,96,0.6099185603184892,0,4. Independent
Connecticut,CT,Northeast,96,0.6099185603184892,0,4. Independent
Connecticut,CT,Northeast,96,0.6099185603184892,0,4. Independent
Connecticut,CT,Northeast,96,0.6099185603184892,0,4. Independent
Connecticut,CT,Northeast,96,0.6099185603184892,0,4. Independent
Connecticut,CT,Northeast,96,0.6099185603184892,0,4. Independent
Connecticut,CT,Northeast,96,0.6099185603184892,0,4. Independent
Connecticut,CT,Northeast,96,0.6099185603184892,0,4. Independent
Connecticut,CT,Northeast,96,0.6099185603184892,0,4. Independent
Connecticut,CT,Northeast,96,0.6099185603184892,0,4. Independent
Connecticut,CT,Northeast,96,0.6099185603184892,0,4. Independent
Connecticut,CT,Northeast,96,0.6099185603184892,0,4. Independent
Connecticut,CT,Northeast,96,0.6099185603184892,0,4. Independent
Connecticut,CT,Northeast,96,0.6099185603184892,0,4. Independent
Connecticut,CT,Northeast,96,0.6099185603184892,0,4. Independent
Connecticut,CT,Northeast,96,0.6099185603184892,0,4. Independent
Connecticut,CT,Northeast,96,0.6099185603184892,0,4. Independent
Connecticut,CT,Northeast,96,0.6099185603184892,0,4. Independent
Connecticut,CT,Northeast,96,0.6099185603184892,0,4. Independent
Connecticut,CT,Northeast,96,0.6099185603184892,0,4. Independent
Connecticut,CT,Northeast,96,0.6099185603184892,0,4. Independent
Connecticut,CT,Northeast,96,0.6099185603184892,0,4. Independent
Connecticut,CT,Northeast,96,0.6099185603184892,0,4. Independent
Connecticut,CT,Northeast,96,0.6099185603184892,0,4. Independent
Connecticut,CT,Northeast,96,0.6099185603184892,0,4. Independent
Connecticut,CT,Northeast,96,0.6099185603184892,0,5. Independent (leans Republican)
Connecticut,CT,Northeast,96,0.6099185603184892,0,5. Independent (leans Republican)
Connecticut,CT,Northeast,96,0.6099185603184892,0,5. Independent (leans Republican)
Connecticut,CT,Northeast,96,0.6099185603184892,0,5. Independent (leans Republican)
Connecticut,CT,Northeast,96,0.6099185603184892,0,5. Independent (leans Republican)
Connecticut,CT,Northeast,96,0.6099185603184892,0,5. Independent (leans Republican)
Connecticut,CT,Northeast,96,0.6099185603184892,0,5. Independent (leans Republican)
Connecticut,CT,Northeast,96,0.6099185603184892,0,5. Independent (leans Republican)
Connecticut,CT,Northeast,96,0.6099185603184892,0,5. Independent (leans Republican)
Connecticut,CT,Northeast,96,0.6099185603184892,0,5. Independent (leans Republican)
Connecticut,CT,Northeast,96,0.6099185603184892,0,5. Independent (leans Republican)
Connecticut,CT,Northeast,96,0.6099185603184892,0,5. Independent (leans Republican)
Connecticut,CT,Northeast,96,0.6099185603184892,0,5. Independent (leans Republican)
Connecticut,CT,Northeast,96,0.6099185603184892,0,5. Independent (leans Republican)
Connecticut,CT,Northeast,96,0.6099185603184892,0,5. Independent (leans Republican)
Connecticut,CT,Northeast,96,0.6099185603184892,0,5. Independent (leans Republican)
Connecticut,CT,Northeast,96,0.6099185603184892,0,5. Independent (leans Republican)
Connecticut,CT,Northeast,96,0.6099185603184892,0,5. Independent (leans Republican)
Connecticut,CT,Northeast,96,0.6099185603184892,0,6. Not very strong Republican
Connecticut,CT,Northeast,96,0.6099185603184892,0,6. Not very strong Republican
Connecticut,CT,Northeast,96,0.6099185603184892,0,6. Not very strong Republican
Connecticut,CT,Northeast,96,0.6099185603184892,0,6. Not very strong Republican
Connecticut,CT,Northeast,96,0.6099185603184892,0,6. Not very strong Republican
Connecticut,CT,Northeast,96,0.6099185603184892,0,6. Not very strong Republican
Connecticut,CT,Northeast,96,0.6099185603184892,0,6. Not very strong Republican
Connecticut,CT,Northeast,96,0.6099185603184892,0,6. Not very strong Republican
Connecticut,CT,Northeast,96,0.6099185603184892,0,6. Not very strong Republican
Connecticut,CT,Northeast,96,0.6099185603184892,0,6. Not very strong Republican
Connecticut,CT,Northeast,96,0.6099185603184892,0,6. Not very strong Republican
Connecticut,CT,Northeast,96,0.6099185603184892,0,6. Not very strong Republican
Connecticut,CT,Northeast,96,0.6099185603184892,0,6. Not very strong Republican
Connecticut,CT,Northeast,96,0.6099185603184892,0,7. Strong Republican
Connecticut,CT,Northeast,96,0.6099185603184892,0,7. Strong Republican
Connecticut,CT,Northeast,96,0.6099185603184892,0,7. Strong Republican
Connecticut,CT,Northeast,96,0.6099185603184892,0,7. Strong Republican
Connecticut,CT,Northeast,96,0.6099185603184892,0,7. Strong Republican
Connecticut,CT,Northeast,96,0.6099185603184892,0,7. Strong Republican
Connecticut,CT,Northeast,96,0.6099185603184892,0,7. Strong Republican
Connecticut,CT,Northeast,96,0.6099185603184892,0,7. Strong Republican
Connecticut,CT,Northeast,96,0.6099185603184892,0,7. Strong Republican
Connecticut,CT,Northeast,96,0.6099185603184892,0,7. Strong Republican
Connecticut,CT,Northeast,96,0.6099185603184892,0,7. Strong Republican
Connecticut,CT,Northeast,96,0.6099185603184892,0,7. Strong Republican
Connecticut,CT,Northeast,96,0.6099185603184892,0,7. Strong Republican
Connecticut,CT,Northeast,96,0.6099185603184892,0,7. Strong Republican
Connecticut,CT,Northeast,96,0.6099185603184892,0,7. Strong Republican
Connecticut,CT,Northeast,96,0.6099185603184892,1,1. Strong Democrat
Connecticut,CT,Northeast,96,0.6099185603184892,1,1. Strong Democrat
Connecticut,CT,Northeast,96,0.6099185603184892,1,1. Strong Democrat
Connecticut,CT,Northeast,96,0.6099185603184892,1,1. Strong Democrat
Connecticut,CT,Northeast,96,0.6099185603184892,1,1. Strong Democrat
Connecticut,CT,Northeast,96,0.6099185603184892,1,1. Strong Democrat
Connecticut,CT,Northeast,96,0.6099185603184892,1,1. Strong Democrat
Connecticut,CT,Northeast,96,0.6099185603184892,1,1. Strong Democrat
Connecticut,CT,Northeast,96,0.6099185603184892,1,1. Strong Democrat
Connecticut,CT,Northeast,96,0.6099185603184892,1,1. Strong Democrat
Connecticut,CT,Northeast,96,0.6099185603184892,1,1. Strong Democrat
Connecticut,CT,Northeast,96,0.6099185603184892,1,1. Strong Democrat
Connecticut,CT,Northeast,96,0.6099185603184892,1,1. Strong Democrat
Connecticut,CT,Northeast,96,0.6099185603184892,1,1. Strong Democrat
Connecticut,CT,Northeast,96,0.6099185603184892,1,1. Strong Democrat
Connecticut,CT,Northeast,96,0.6099185603184892,1,1. Strong Democrat
Connecticut,CT,Northeast,96,0.6099185603184892,1,1. Strong Democrat
Connecticut,CT,Northeast,96,0.6099185603184892,1,1. Strong Democrat
Connecticut,CT,Northeast,96,0.6099185603184892,1,1. Strong Democrat
Connecticut,CT,Northeast,96,0.6099185603184892,1,1. Strong Democrat
Connecticut,CT,Northeast,96,0.6099185603184892,1,1. Strong Democrat
Connecticut,CT,Northeast,96,0.6099185603184892,1,1. Strong Democrat
Connecticut,CT,Northeast,96,0.6099185603184892,1,1. Strong Democrat
Connecticut,CT,Northeast,96,0.6099185603184892,1,1. Strong Democrat
Connecticut,CT,Northeast,96,0.6099185603184892,1,1. Strong Democrat
Connecticut,CT,Northeast,96,0.6099185603184892,1,1. Strong Democrat
Connecticut,CT,Northeast,96,0.6099185603184892,1,1. Strong Democrat
Connecticut,CT,Northeast,96,0.6099185603184892,1,1. Strong Democrat
Connecticut,CT,Northeast,96,0.6099185603184892,1,1. Strong Democrat
Connecticut,CT,Northeast,96,0.6099185603184892,1,1. Strong Democrat
Connecticut,CT,Northeast,96,0.6099185603184892,1,1. Strong Democrat
Connecticut,CT,Northeast,96,0.6099185603184892,1,1. Strong Democrat
Connecticut,CT,Northeast,96,0.6099185603184892,1,1. Strong Democrat
Connecticut,CT,Northeast,96,0.6099185603184892,1,1. Strong Democrat
Connecticut,CT,Northeast,96,0.6099185603184892,1,1. Strong Democrat
Connecticut,CT,Northeast,96,0.6099185603184892,1,1. Strong Democrat
Connecticut,CT,Northeast,96,0.6099185603184892,1,1. Strong Democrat
Connecticut,CT,Northeast,96,0.6099185603184892,1,1. Strong Democrat
Connecticut,CT,Northeast,96,0.6099185603184892,1,1. Strong Democrat
Connecticut,CT,Northeast,96,0.6099185603184892,1,1. Strong Democrat
Connecticut,CT,Northeast,96,0.6099185603184892,1,1. Strong Democrat
Connecticut,CT,Northeast,96,0.6099185603184892,1,1. Strong Democrat
Connecticut,CT,Northeast,96,0.6099185603184892,1,1. Strong Democrat
Connecticut,CT,Northeast,96,0.6099185603184892,1,1. Strong Democrat
Connecticut,CT,Northeast,96,0.6099185603184892,1,1. Strong Democrat
Connecticut,CT,Northeast,96,0.6099185603184892,1,1. Strong Democrat
Connecticut,CT,Northeast,96,0.6099185603184892,1,1. Strong Democrat
Connecticut,CT,Northeast,96,0.6099185603184892,1,1. Strong Democrat
Connecticut,CT,Northeast,96,0.6099185603184892,1,1. Strong Democrat
Connecticut,CT,Northeast,96,0.6099185603184892,1,2. Not very strong Democrat
Connecticut,CT,Northeast,96,0.6099185603184892,1,2. Not very strong Democrat
Connecticut,CT,Northeast,96,0.6099185603184892,1,2. Not very strong Democrat
Connecticut,CT,Northeast,96,0.6099185603184892,1,2. Not very strong Democrat
Connecticut,CT,Northeast,96,0.6099185603184892,1,2. Not very strong Democrat
Connecticut,CT,Northeast,96,0.6099185603184892,1,2. Not very strong Democrat
Connecticut,CT,Northeast,96,0.6099185603184892,1,2. Not very strong Democrat
Connecticut,CT,Northeast,96,0.6099185603184892,1,2. Not very strong Democrat
Connecticut,CT,Northeast,96,0.6099185603184892,1,2. Not very strong Democrat
Connecticut,CT,Northeast,96,0.6099185603184892,1,2. Not very strong Democrat
Connecticut,CT,Northeast,96,0.6099185603184892,1,2. Not very strong Democrat
Connecticut,CT,Northeast,96,0.6099185603184892,1,2. Not very strong Democrat
Connecticut,CT,Northeast,96,0.6099185603184892,1,2. Not very strong Democrat
Connecticut,CT,Northeast,96,0.6099185603184892,1,2. Not very strong Democrat
Connecticut,CT,Northeast,96,0.6099185603184892,1,2. Not very strong Democrat
Connecticut,CT,Northeast,96,0.6099185603184892,1,2. Not very strong Democrat
Connecticut,CT,Northeast,96,0.6099185603184892,1,2. Not very strong Democrat
Connecticut,CT,Northeast,96,0.6099185603184892,1,2. Not very strong Democrat
Connecticut,CT,Northeast,96,0.6099185603184892,1,2. Not very strong Democrat
Connecticut,CT,Northeast,96,0.6099185603184892,1,2. Not very strong Democrat
Connecticut,CT,Northeast,96,0.6099185603184892,1,2. Not very strong Democrat
Connecticut,CT,Northeast,96,0.6099185603184892,1,3. Independent (leans Democrat)
Connecticut,CT,Northeast,96,0.6099185603184892,1,3. Independent (leans Democrat)
Connecticut,CT,Northeast,96,0.6099185603184892,1,3. Independent (leans Democrat)
Connecticut,CT,Northeast,96,0.6099185603184892,1,3. Independent (leans Democrat)
Connecticut,CT,Northeast,96,0.6099185603184892,1,3. Independent (leans Democrat)
Connecticut,CT,Northeast,96,0.6099185603184892,1,3. Independent (leans Democrat)
Connecticut,CT,Northeast,96,0.6099185603184892,1,3. Independent (leans Democrat)
Connecticut,CT,Northeast,96,0.6099185603184892,1,3. Independent (leans Democrat)
Connecticut,CT,Northeast,96,0.6099185603184892,1,3. Independent (leans Democrat)
Connecticut,CT,Northeast,96,0.6099185603184892,1,3. Independent (leans Democrat)
Connecticut,CT,Northeast,96,0.6099185603184892,1,3. Independent (leans Democrat)
Connecticut,CT,Northeast,96,0.6099185603184892,1,3. Independent (leans Democrat)
Connecticut,CT,Northeast,96,0.6099185603184892,1,3. Independent (leans Democrat)
Connecticut,CT,Northeast,96,0.6099185603184892,1,3. Independent (leans Democrat)
Connecticut,CT,Northeast,96,0.6099185603184892,1,3. Independent (leans Democrat)
Connecticut,CT,Northeast,96,0.6099185603184892,1,3. Independent (leans Democrat)
Connecticut,CT,Northeast,96,0.6099185603184892,1,3. Independent (leans Democrat)
Connecticut,CT,Northeast,96,0.6099185603184892,1,3. Independent (leans Democrat)
Connecticut,CT,Northeast,96,0.6099185603184892,1,3. Independent (leans Democrat)
Connecticut,CT,Northeast,96,0.6099185603184892,1,3. Independent (leans Democrat)
Connecticut,CT,Northeast,96,0.6099185603184892,1,3. Independent (leans Democrat)
Connecticut,CT,Northeast,96,0.6099185603184892,1,3. Independent (leans Democrat)
Connecticut,CT,Northeast,96,0.6099185603184892,1,3. Independent (leans Democrat)
Connecticut,CT,Northeast,96,0.6099185603184892,1,3. Independent (leans Democrat)
Connecticut,CT,Northeast,96,0.6099185603184892,1,3. Independent (leans Democrat)
Connecticut,CT,Northeast,96,0.6099185603184892,1,4. Independent
Connecticut,CT,Northeast,96,0.6099185603184892,1,4. Independent
Connecticut,CT,Northeast,96,0.6099185603184892,1,4. Independent
Connecticut,CT,Northeast,96,0.6099185603184892,1,4. Independent
Connecticut,CT,Northeast,96,0.6099185603184892,1,4. Independent
Connecticut,CT,Northeast,96,0.6099185603184892,1,4. Independent
Connecticut,CT,Northeast,96,0.6099185603184892,1,4. Independent
Connecticut,CT,Northeast,96,0.6099185603184892,1,4. Independent
Connecticut,CT,Northeast,96,0.6099185603184892,1,4. Independent
Connecticut,CT,Northeast,96,0.6099185603184892,1,4. Independent
Connecticut,CT,Northeast,96,0.6099185603184892,1,4. Independent
Connecticut,CT,Northeast,96,0.6099185603184892,1,4. Independent
Connecticut,CT,Northeast,96,0.6099185603184892,1,4. Independent
Connecticut,CT,Northeast,96,0.6099185603184892,1,4. Independent
Connecticut,CT,Northeast,96,0.6099185603184892,1,4. Independent
Connecticut,CT,Northeast,96,0.6099185603184892,1,4. Independent
Connecticut,CT,Northeast,96,0.6099185603184892,1,4. Independent
Connecticut,CT,Northeast,96,0.6099185603184892,1,4. Independent
Connecticut,CT,Northeast,96,0.6099185603184892,1,4. Independent
Connecticut,CT,Northeast,96,0.6099185603184892,1,4. Independent
Connecticut,CT,Northeast,96,0.6099185603184892,1,4. Independent
Connecticut,CT,Northeast,96,0.6099185603184892,1,4. Independent
Connecticut,CT,Northeast,96,0.6099185603184892,1,4. Independent
Connecticut,CT,Northeast,96,0.6099185603184892,1,4. Independent
Connecticut,CT,Northeast,96,0.6099185603184892,1,4. Independent
Connecticut,CT,Northeast,96,0.6099185603184892,1,4. Independent
Connecticut,CT,Northeast,96,0.6099185603184892,1,4. Independent
Connecticut,CT,Northeast,96,0.6099185603184892,1,4. Independent
Connecticut,CT,Northeast,96,0.6099185603184892,1,5. Independent (leans Republican)
Connecticut,CT,Northeast,96,0.6099185603184892,1,5. Independent (leans Republican)
Connecticut,CT,Northeast,96,0.6099185603184892,1,5. Independent (leans Republican)
Connecticut,CT,Northeast,96,0.6099185603184892,1,5. Independent (leans Republican)
Connecticut,CT,Northeast,96,0.6099185603184892,1,5. Independent (leans Republican)
Connecticut,CT,Northeast,96,0.6099185603184892,1,5. Independent (leans Republican)
Connecticut,CT,Northeast,96,0.6099185603184892,1,5. Independent (leans Republican)
Connecticut,CT,Northeast,96,0.6099185603184892,1,5. Independent (leans Republican)
Connecticut,CT,Northeast,96,0.6099185603184892,1,5. Independent (leans Republican)
Connecticut,CT,Northeast,96,0.6099185603184892,1,5. Independent (leans Republican)
Connecticut,CT,Northeast,96,0.6099185603184892,1,5. Independent (leans Republican)
Connecticut,CT,Northeast,96,0.6099185603184892,1,5. Independent (leans Republican)
Connecticut,CT,Northeast,96,0.6099185603184892,1,6. Not very strong Republican
Connecticut,CT,Northeast,96,0.6099185603184892,1,6. Not very strong Republican
Connecticut,CT,Northeast,96,0.6099185603184892,1,6. Not very strong Republican
Connecticut,CT,Northeast,96,0.6099185603184892,1,6. Not very strong Republican
Connecticut,CT,Northeast,96,0.6099185603184892,1,6. Not very strong Republican
Connecticut,CT,Northeast,96,0.6099185603184892,1,6. Not very strong Republican
Connecticut,CT,Northeast,96,0.6099185603184892,1,6. Not very strong Republican
Connecticut,CT,Northeast,96,0.6099185603184892,1,6. Not very strong Republican
Connecticut,CT,Northeast,96,0.6099185603184892,1,6. Not very strong Republican
Connecticut,CT,Northeast,96,0.6099185603184892,1,6. Not very strong Republican
Connecticut,CT,Northeast,96,0.6099185603184892,1,6. Not very strong Republican
Connecticut,CT,Northeast,96,0.6099185603184892,1,7. Strong Republican
Connecticut,CT,Northeast,96,0.6099185603184892,1,7. Strong Republican
Connecticut,CT,Northeast,96,0.6099185603184892,1,7. Strong Republican
Connecticut,CT,Northeast,96,0.6099185603184892,1,7. Strong Republican
Connecticut,CT,Northeast,96,0.6099185603184892,1,7. Strong Republican
Connecticut,CT,Northeast,96,0.6099185603184892,1,7. Strong Republican
Connecticut,CT,Northeast,96,0.6099185603184892,1,7. Strong Republican
Connecticut,CT,Northeast,96,0.6099185603184892,1,7. Strong Republican
Connecticut,CT,Northeast,96,0.6099185603184892,1,7. Strong Republican
Connecticut,CT,Northeast,96,0.6099185603184892,1,7. Strong Republican
Connecticut,CT,Northeast,96,0.6099185603184892,1,7. Strong Republican
Connecticut,CT,Northeast,96,0.6099185603184892,1,7. Strong Republican
Connecticut,CT,Northeast,96,0.6099185603184892,1,7. Strong Republican
Connecticut,CT,Northeast,96,0.6099185603184892,1,7. Strong Republican
Connecticut,CT,Northeast,96,0.6099185603184892,1,7. Strong Republican
Connecticut,CT,Northeast,96,0.6099185603184892,1,7. Strong Republican
Connecticut,CT,Northeast,96,0.6099185603184892,1,7. Strong Republican
Connecticut,CT,Northeast,96,0.6099185603184892,1,7. Strong Republican
Connecticut,CT,Northeast,96,0.6099185603184892,1,7. Strong Republican
Connecticut,CT,Northeast,96,0.6099185603184892,1,7. Strong Republican
Connecticut,CT,Northeast,96,0.6099185603184892,1,7. Strong Republican
Connecticut,CT,Northeast,96,0.6099185603184892,1,7. Strong Republican
Connecticut,CT,Northeast,96,0.6099185603184892,2,1. Strong Democrat
Connecticut,CT,Northeast,96,0.6099185603184892,2,1. Strong Democrat
Connecticut,CT,Northeast,96,0.6099185603184892,2,1. Strong Democrat
Connecticut,CT,Northeast,96,0.6099185603184892,2,1. Strong Democrat
Connecticut,CT,Northeast,96,0.6099185603184892,2,1. Strong Democrat
Connecticut,CT,Northeast,96,0.6099185603184892,2,1. Strong Democrat
Connecticut,CT,Northeast,96,0.6099185603184892,2,1. Strong Democrat
Connecticut,CT,Northeast,96,0.6099185603184892,2,1. Strong Democrat
Connecticut,CT,Northeast,96,0.6099185603184892,2,1. Strong Democrat
Connecticut,CT,Northeast,96,0.6099185603184892,2,1. Strong Democrat
Connecticut,CT,Northeast,96,0.6099185603184892,2,1. Strong Democrat
Connecticut,CT,Northeast,96,0.6099185603184892,2,1. Strong Democrat
Connecticut,CT,Northeast,96,0.6099185603184892,2,1. Strong Democrat
Connecticut,CT,Northeast,96,0.6099185603184892,2,2. Not very strong Democrat
Connecticut,CT,Northeast,96,0.6099185603184892,2,2. Not very strong Democrat
Connecticut,CT,Northeast,96,0.6099185603184892,2,3. Independent (leans Democrat)
Connecticut,CT,Northeast,96,0.6099185603184892,2,3. Independent (leans Democrat)
Connecticut,CT,Northeast,96,0.6099185603184892,2,3. Independent (leans Democrat)
Connecticut,CT,Northeast,96,0.6099185603184892,2,3. Independent (leans Democrat)
Connecticut,CT,Northeast,96,0.6099185603184892,2,3. Independent (leans Democrat)
Connecticut,CT,Northeast,96,0.6099185603184892,2,3. Independent (leans Democrat)
Connecticut,CT,Northeast,96,0.6099185603184892,2,4. Independent
Connecticut,CT,Northeast,96,0.6099185603184892,2,4. Independent
Connecticut,CT,Northeast,96,0.6099185603184892,2,4. Independent
Connecticut,CT,Northeast,96,0.6099185603184892,2,4. Independent
Connecticut,CT,Northeast,96,0.6099185603184892,2,4. Independent
Connecticut,CT,Northeast,96,0.6099185603184892,2,4. Independent
Connecticut,CT,Northeast,96,0.6099185603184892,2,5. Independent (leans Republican)
Connecticut,CT,Northeast,96,0.6099185603184892,2,5. Independent (leans Republican)
Connecticut,CT,Northeast,96,0.6099185603184892,2,5. Independent (leans Republican)
Connecticut,CT,Northeast,96,0.6099185603184892,2,5. Independent (leans Republican)
Connecticut,CT,Northeast,96,0.6099185603184892,2,5. Independent (leans Republican)
Connecticut,CT,Northeast,96,0.6099185603184892,2,6. Not very strong Republican
Connecticut,CT,Northeast,96,0.6099185603184892,2,7. Strong Republican
Connecticut,CT,Northeast,96,0.6099185603184892,2,7. Strong Republican
Connecticut,CT,Northeast,96,0.6099185603184892,2,7. Strong Republican
Connecticut,CT,Northeast,96,0.6099185603184892,2,7. Strong Republican
Connecticut,CT,Northeast,96,0.6099185603184892,2,7. Strong Republican
Connecticut,CT,Northeast,96,0.6099185603184892,2,7. Strong Republican
Connecticut,CT,Northeast,96,0.6099185603184892,2,7. Strong Republican
