seg,file,ends_at,n_frames,seconds
1,seg-01.mp4,1-intro,10,1
2,seg-02.mp4,2-propose,8,0.8
3,seg-03.mp4,2-compute,8,0.8
4,seg-04.mp4,2-draw_u,5,0.5
5,seg-05.mp4,2-decide,8,0.8
6,seg-06.mp4,2-record,6,0.6
7,seg-07.mp4,3-propose,8,0.8
8,seg-08.mp4,3-compute,8,0.8
9,seg-09.mp4,3-draw_u,5,0.5
10,seg-10.mp4,3-decide,8,0.8
11,seg-11.mp4,3-record,6,0.6
12,seg-12.mp4,4-propose,5,0.5
13,seg-13.mp4,4-compute,5,0.5
14,seg-14.mp4,4-draw_u,5,0.5
15,seg-15.mp4,4-decide,5,0.5
16,seg-16.mp4,4-record,5,0.5
17,seg-17.mp4,5-propose,5,0.5
18,seg-18.mp4,5-compute,5,0.5
19,seg-19.mp4,5-draw_u,5,0.5
20,seg-20.mp4,5-decide,5,0.5
21,seg-21.mp4,5-record,5,0.5
22,seg-22.mp4,18-zoom,138,13.8
23,seg-23.mp4,19-propose,8,0.8
24,seg-24.mp4,19-compute,8,0.8
25,seg-25.mp4,19-draw_u,8,0.8
26,seg-26.mp4,19-decide,8,0.8
27,seg-27.mp4,19-record,6,0.6
28,seg-28.mp4,20-propose,8,0.8
29,seg-29.mp4,20-compute,8,0.8
30,seg-30.mp4,20-draw_u,8,0.8
31,seg-31.mp4,20-decide,8,0.8
32,seg-32.mp4,20-record,6,0.6
33,seg-33.mp4,21-propose,8,0.8
34,seg-34.mp4,21-compute,8,0.8
35,seg-35.mp4,21-draw_u,8,0.8
36,seg-36.mp4,21-decide,8,0.8
37,seg-37.mp4,21-record,6,0.6
38,seg-38.mp4,22-propose,6,0.6
39,seg-39.mp4,22-compute,6,0.6
40,seg-40.mp4,22-draw_u,8,0.8
41,seg-41.mp4,22-decide,8,0.8
42,seg-42.mp4,22-record,6,0.6
43,seg-43.mp4,36-hold,160,16
