bush_approval,military_force,ideology_distance,economy,party_id,education,ideology,gulf_war,nonwhite,vote_1992
4. Strongly approve,3,3,4,2,17,3,1,0,Bush
4. Strongly approve,2,0,4,3,8,6,1,0,Bush
3. Approve,3,1,3,3,16,6,1,0,Bush
4. Strongly approve,1,1,3,3,11,6,0,1,Clinton
1. Strongly disapprove,3,,5,-2,13,,0,0,Clinton
1. Strongly disapprove,3,,5,-3,12,4,0,1,Clinton
3. Approve,3,,4,2,16,6,0,0,Bush
2. Disapprove,2,1,2,3,17,7,1,0,Bush
3. Approve,3,1,4,2,13,6,1,0,Bush
3. Approve,1,1,3,1,17,7,1,0,Bush
1. Strongly disapprove,4,2,5,-3,11,2,0,1,Clinton
1. Strongly disapprove,4,,5,-2,8,5,0,0,
4. Strongly approve,2,0,4,-2,12,3,0,0,Bush
3. Approve,2,1,4,3,16,5,1,0,Bush
4. Strongly approve,3,,4,-3,15,,1,0,
1. Strongly disapprove,1,1,5,2,13,5,1,0,
3. Approve,3,,5,,12,,0,0,Clinton
2. Disapprove,2,2,4,1,17,3,1,0,Perot
1. Strongly disapprove,4,3,5,-1,11,5,0,0,Clinton
1. Strongly disapprove,3,,5,-3,14,,0,0,Clinton
2. Disapprove,3,0,4,-1,12,6,,0,Clinton
,,2,,-2,7,2,0,0,Bush
1. Strongly disapprove,3,2,5,-3,14,4,0,1,Clinton
1. Strongly disapprove,4,5,4,-3,15,1,0,0,Clinton
1. Strongly disapprove,4,5,5,-3,16,2,0,1,Clinton
3. Approve,4,1,4,1,16,6,1,0,Bush
,2,5,4,-1,8,6,1,0,Perot
1. Strongly disapprove,3,5,5,1,12,6,0,0,Bush
1. Strongly disapprove,3,3,5,-3,12,1,0,0,Clinton
4. Strongly approve,4,2,3,1,16,6,0,0,Bush
3. Approve,2,2,3,3,12,6,1,0,Bush
2. Disapprove,2,4,3,-2,11,6,1,0,Perot
1. Strongly disapprove,4,2,5,-1,12,6,0,0,Bush
1. Strongly disapprove,3,0,4,-3,12,6,1,0,Clinton
3. Approve,3,1,3,2,17,6,0,0,Bush
1. Strongly disapprove,4,,4,2,13,,,0,Clinton
3. Approve,2,,4,-3,10,,0,0,
1. Strongly disapprove,5,2,4,1,12,3,1,0,
2. Disapprove,3,4,3,-1,12,2,1,0,Clinton
1. Strongly disapprove,4,,4,0,13,,1,0,Clinton
1. Strongly disapprove,4,,3,1,11,,0,1,
3. Approve,3,1,2,2,12,6,1,0,Perot
4. Strongly approve,2,0,3,1,15,4,1,0,Bush
3. Approve,2,1,4,3,17,6,1,0,Bush
3. Approve,3,1,3,1,17,6,1,0,Perot
1. Strongly disapprove,4,5,5,-3,12,2,0,0,Clinton
1. Strongly disapprove,3,5,5,-1,11,2,1,0,Clinton
1. Strongly disapprove,3,,4,-2,10,,1,0,
1. Strongly disapprove,4,1,5,2,17,5,1,0,Clinton
1. Strongly disapprove,,4,5,-1,12,6,0,0,Perot
4. Strongly approve,2,0,4,1,16,3,0,0,Bush
2. Disapprove,3,,2,-2,13,,0,0,
2. Disapprove,3,3,3,-1,16,3,1,0,Clinton
2. Disapprove,3,0,3,1,16,5,1,0,Perot
3. Approve,2,2,4,2,13,6,1,0,Bush
2. Disapprove,3,,2,1,12,,0,0,Clinton
3. Approve,2,1,5,3,12,6,1,0,
3. Approve,3,,5,-2,12,,1,0,Clinton
2. Disapprove,3,3,4,-3,12,2,0,0,
2. Disapprove,3,,5,-1,7,,1,0,
3. Approve,2,1,5,1,12,6,1,0,Bush
2. Disapprove,2,2,4,0,13,2,1,0,
2. Disapprove,3,2,4,-2,17,4,0,1,Clinton
4. Strongly approve,2,,3,1,6,,0,1,Clinton
4. Strongly approve,1,0,3,1,16,5,1,0,Bush
3. Approve,3,4,5,0,16,2,1,0,Clinton
4. Strongly approve,4,1,4,3,12,6,,0,Bush
,2,,5,1,11,,,0,
3. Approve,3,0,4,-2,16,6,1,0,Bush
1. Strongly disapprove,2,2,5,-2,13,2,1,0,Clinton
1. Strongly disapprove,1,0,5,0,14,6,1,0,Perot
2. Disapprove,2,1,5,-3,13,7,1,0,Clinton
4. Strongly approve,1,0,5,1,12,6,1,0,Bush
3. Approve,2,,3,-1,5,,1,0,
2. Disapprove,3,1,5,0,12,5,1,0,Perot
3. Approve,2,1,4,1,13,6,1,0,Bush
,3,,3,1,11,,1,0,
1. Strongly disapprove,3,2,4,-1,13,4,1,0,Clinton
3. Approve,2,1,4,3,16,6,1,0,
2. Disapprove,3,3,4,-2,12,7,1,0,
1. Strongly disapprove,4,4,5,-3,12,2,1,0,Clinton
3. Approve,3,1,,1,14,3,1,0,Bush
4. Strongly approve,2,0,4,2,16,6,1,0,Bush
2. Disapprove,4,,4,0,12,,0,0,Bush
2. Disapprove,3,,5,3,12,,0,0,Clinton
1. Strongly disapprove,3,3,4,-3,12,3,1,0,
2. Disapprove,1,3,5,1,11,6,1,0,
1. Strongly disapprove,3,,5,-2,12,,0,0,Clinton
1. Strongly disapprove,5,,4,-2,15,,0,1,Clinton
4. Strongly approve,4,,5,-3,8,,,1,Clinton
3. Approve,3,,4,0,10,,0,0,
1. Strongly disapprove,3,4,5,2,16,3,0,0,Perot
3. Approve,3,0,4,1,13,6,1,0,Bush
2. Disapprove,1,2,3,-3,12,6,1,1,Clinton
2. Disapprove,4,4,4,-2,12,2,1,0,Clinton
3. Approve,4,2,5,-1,13,5,0,0,Perot
3. Approve,3,1,4,2,14,6,1,0,Bush
2. Disapprove,3,1,4,-1,12,5,1,0,Clinton
3. Approve,3,0,3,3,17,6,1,0,Bush
2. Disapprove,3,2,5,-2,13,6,1,1,Bush
1. Strongly disapprove,3,2,5,-1,17,4,0,0,Perot
2. Disapprove,4,4,5,-3,12,2,1,1,Clinton
1. Strongly disapprove,4,4,5,-3,15,3,1,0,Clinton
3. Approve,3,0,4,3,14,6,1,0,Bush
1. Strongly disapprove,3,,5,0,12,,0,1,
1. Strongly disapprove,4,6,4,-3,8,1,0,1,
1. Strongly disapprove,5,,5,-2,10,,0,0,
3. Approve,4,0,3,3,14,6,1,0,Bush
1. Strongly disapprove,2,,3,0,12,,1,1,
3. Approve,3,3,3,0,12,2,0,0,
1. Strongly disapprove,3,0,5,3,12,6,0,0,Perot
1. Strongly disapprove,4,4,4,-1,17,1,0,0,Clinton
4. Strongly approve,2,,2,1,12,,1,0,
2. Disapprove,3,,4,1,13,5,1,0,Clinton
4. Strongly approve,3,0,5,1,12,6,1,0,Bush
2. Disapprove,3,5,5,-2,17,1,0,1,Clinton
4. Strongly approve,3,1,3,2,17,6,1,0,Bush
2. Disapprove,2,3,3,-2,12,3,0,0,Clinton
2. Disapprove,3,1,2,2,16,6,0,0,Bush
4. Strongly approve,3,2,3,2,12,6,0,0,Bush
2. Disapprove,4,,4,-2,12,,0,0,Clinton
3. Approve,3,3,4,0,14,3,0,0,Clinton
2. Disapprove,3,,5,-1,11,,0,0,
1. Strongly disapprove,3,5,5,-3,12,1,0,0,Clinton
3. Approve,3,2,3,2,12,6,1,0,
1. Strongly disapprove,4,4,5,-3,16,2,0,0,Clinton
3. Approve,3,3,4,-1,12,3,1,0,Clinton
1. Strongly disapprove,4,3,5,-3,12,2,0,0,Clinton
3. Approve,2,1,3,3,12,5,1,0,Bush
2. Disapprove,4,2,3,0,12,2,,0,Clinton
4. Strongly approve,2,1,4,-2,10,6,1,0,
2. Disapprove,3,2,5,2,14,4,,0,Clinton
1. Strongly disapprove,3,,5,0,13,,0,0,
1. Strongly disapprove,3,4,3,-3,17,2,1,0,Clinton
1. Strongly disapprove,1,3,5,-1,12,1,0,0,Perot
3. Approve,4,1,3,1,14,5,1,0,Bush
2. Disapprove,4,4,5,0,12,2,0,0,Clinton
1. Strongly disapprove,5,0,5,1,12,4,0,0,
3. Approve,2,,4,1,11,,1,0,
1. Strongly disapprove,3,3,5,-1,13,4,0,0,Clinton
4. Strongly approve,2,1,3,3,12,5,1,0,Bush
1. Strongly disapprove,3,6,5,-1,14,1,0,0,Clinton
4. Strongly approve,2,1,1,3,17,6,1,0,Bush
1. Strongly disapprove,4,4,4,0,16,2,0,0,Perot
1. Strongly disapprove,2,3,5,-2,12,3,0,0,Clinton
2. Disapprove,3,0,5,2,11,6,1,0,Bush
2. Disapprove,2,0,5,1,12,2,1,0,
3. Approve,2,1,2,1,16,6,1,1,Bush
2. Disapprove,4,1,4,-2,16,5,0,0,Clinton
1. Strongly disapprove,4,1,3,1,16,5,0,1,Bush
2. Disapprove,4,2,4,-2,12,6,0,1,
2. Disapprove,4,1,5,-3,16,6,1,0,Perot
2. Disapprove,4,,5,0,16,4,0,0,Perot
3. Approve,3,3,4,2,16,3,0,0,
2. Disapprove,4,4,4,-3,13,2,0,0,Perot
1. Strongly disapprove,3,1,5,-3,6,4,0,1,Clinton
1. Strongly disapprove,3,5,4,-2,16,2,1,0,Clinton
1. Strongly disapprove,3,,4,0,12,,,0,Clinton
4. Strongly approve,4,2,5,2,13,7,0,0,Perot
3. Approve,2,1,3,-2,16,6,1,0,
3. Approve,3,0,5,2,15,2,1,0,
1. Strongly disapprove,2,5,4,-2,14,2,1,1,Perot
4. Strongly approve,2,0,3,-2,2,6,1,1,
3. Approve,2,,5,-2,12,,0,0,Clinton
3. Approve,2,5,5,-2,17,2,0,0,Perot
1. Strongly disapprove,3,2,5,-2,16,3,0,0,Clinton
1. Strongly disapprove,5,,5,-3,12,5,0,0,Clinton
3. Approve,4,,,2,12,,,0,
1. Strongly disapprove,3,,4,1,14,5,1,0,Bush
2. Disapprove,4,,3,-1,17,,1,0,Clinton
,3,4,5,0,12,3,1,0,Clinton
3. Approve,3,1,3,2,16,5,1,0,Perot
1. Strongly disapprove,3,3,5,-3,15,2,0,0,Clinton
3. Approve,3,1,3,-2,14,3,0,0,Perot
4. Strongly approve,2,0,3,3,13,6,1,0,Bush
1. Strongly disapprove,3,3,4,-2,16,3,0,0,Clinton
1. Strongly disapprove,3,4,4,-1,15,2,0,0,Clinton
2. Disapprove,3,3,3,2,12,6,1,0,Perot
2. Disapprove,3,1,4,2,12,5,1,0,Clinton
2. Disapprove,3,,4,-2,8,,0,0,Clinton
3. Approve,2,,5,-3,12,,1,0,
2. Disapprove,3,,4,-1,12,,0,0,
2. Disapprove,3,3,4,-2,13,3,0,0,Clinton
3. Approve,4,,3,3,12,,1,0,
3. Approve,4,2,4,0,14,6,1,0,Bush
1. Strongly disapprove,3,4,4,-2,16,2,1,0,Clinton
1. Strongly disapprove,4,3,5,0,12,4,0,0,
1. Strongly disapprove,4,4,5,-1,17,2,0,0,Clinton
2. Disapprove,3,,5,0,9,6,0,0,Clinton
3. Approve,2,3,2,2,12,6,1,0,Bush
4. Strongly approve,2,0,5,3,16,6,1,0,Bush
4. Strongly approve,2,3,3,3,14,6,1,0,Perot
1. Strongly disapprove,4,,5,0,17,,0,0,Clinton
4. Strongly approve,3,1,2,3,12,6,1,0,Bush
1. Strongly disapprove,3,5,4,-3,12,2,1,0,Clinton
3. Approve,3,,5,1,12,,1,0,
1. Strongly disapprove,3,4,3,-3,12,2,0,0,Clinton
3. Approve,3,1,4,1,12,5,0,0,Perot
2. Disapprove,3,1,3,2,16,5,1,1,Bush
3. Approve,3,,3,-1,5,,0,0,
4. Strongly approve,3,4,4,3,12,2,,0,Bush
1. Strongly disapprove,3,3,5,-3,17,3,0,0,Clinton
4. Strongly approve,5,1,4,2,12,5,0,0,Bush
4. Strongly approve,2,,3,2,13,,1,0,Bush
1. Strongly disapprove,4,4,4,-1,16,2,0,0,Perot
2. Disapprove,4,4,5,0,12,2,0,0,Bush
3. Approve,5,,4,0,,,0,1,
1. Strongly disapprove,2,,5,-3,8,4,0,0,Clinton
4. Strongly approve,1,1,4,3,12,2,1,0,Bush
2. Disapprove,4,2,4,1,12,6,0,0,
2. Disapprove,2,3,3,-2,12,7,,0,Clinton
1. Strongly disapprove,3,6,3,-3,8,7,0,0,Clinton
3. Approve,3,2,4,3,14,6,0,0,Bush
1. Strongly disapprove,3,1,3,2,12,6,1,0,Perot
4. Strongly approve,1,1,5,-1,9,5,1,0,
2. Disapprove,3,3,5,-2,13,2,0,0,Bush
1. Strongly disapprove,4,5,5,-3,14,2,0,1,
2. Disapprove,3,0,2,2,16,6,1,0,Bush
1. Strongly disapprove,3,4,3,-1,17,2,1,0,Clinton
,2,,,-2,3,,,1,Clinton
1. Strongly disapprove,4,3,4,-1,17,2,0,0,Clinton
1. Strongly disapprove,4,,5,-2,12,,0,0,
3. Approve,3,1,5,2,14,6,1,0,Bush
3. Approve,2,4,3,-2,10,6,0,0,
1. Strongly disapprove,3,,3,-1,12,,0,1,Clinton
1. Strongly disapprove,3,3,5,2,15,3,1,0,Clinton
1. Strongly disapprove,3,3,4,2,14,3,1,0,Perot
3. Approve,4,4,3,2,16,2,0,0,Clinton
2. Disapprove,3,5,4,-1,12,2,1,1,
2. Disapprove,3,1,4,-3,12,6,,1,Clinton
2. Disapprove,3,1,4,2,13,5,1,0,Clinton
2. Disapprove,3,3,4,-1,13,3,1,0,Clinton
1. Strongly disapprove,4,1,4,-3,12,4,0,0,Clinton
4. Strongly approve,3,0,3,2,12,6,1,0,Bush
1. Strongly disapprove,3,3,5,-3,12,3,1,0,Clinton
1. Strongly disapprove,2,,3,-2,12,,0,0,
4. Strongly approve,2,2,2,3,12,6,1,0,Bush
1. Strongly disapprove,1,,5,-3,12,,1,0,Clinton
3. Approve,3,4,4,1,17,2,0,0,Bush
2. Disapprove,3,4,4,-1,17,2,1,0,Clinton
2. Disapprove,4,1,5,0,14,2,0,1,Bush
4. Strongly approve,2,0,3,3,12,6,1,0,Bush
3. Approve,2,2,5,1,12,6,1,0,Bush
3. Approve,3,1,4,1,12,6,1,0,Bush
1. Strongly disapprove,2,0,5,-1,7,3,0,0,Bush
3. Approve,4,2,4,2,12,5,1,0,
1. Strongly disapprove,4,,5,-2,12,,0,0,Clinton
2. Disapprove,3,,4,-1,17,3,1,0,Clinton
3. Approve,3,1,4,2,13,5,1,0,Bush
1. Strongly disapprove,4,2,3,-1,17,3,0,0,Clinton
3. Approve,2,,4,2,12,,1,0,Clinton
4. Strongly approve,2,,2,1,10,,1,0,
,,,3,,12,,,0,
3. Approve,2,2,3,3,12,6,1,0,Bush
3. Approve,4,1,4,0,14,5,1,0,Perot
3. Approve,3,4,5,3,12,2,1,0,
4. Strongly approve,3,1,4,2,13,6,,0,Perot
2. Disapprove,4,,4,-3,12,,0,0,
2. Disapprove,4,0,4,1,14,5,0,0,Bush
3. Approve,3,1,3,3,14,6,1,0,Bush
4. Strongly approve,3,1,3,3,14,7,1,0,Bush
1. Strongly disapprove,3,1,5,2,16,2,0,0,Clinton
4. Strongly approve,3,1,4,1,16,5,1,0,Bush
3. Approve,3,1,3,0,8,5,0,0,Bush
3. Approve,4,2,5,2,16,6,0,0,Bush
1. Strongly disapprove,3,4,4,-3,16,2,1,0,Clinton
1. Strongly disapprove,2,4,5,-2,17,2,1,1,Clinton
1. Strongly disapprove,3,0,5,1,16,5,1,1,
1. Strongly disapprove,2,5,5,-3,11,2,1,0,Clinton
3. Approve,3,1,3,-2,16,6,1,0,Bush
4. Strongly approve,3,2,4,2,17,6,1,0,Perot
3. Approve,2,1,4,3,16,5,1,0,Perot
1. Strongly disapprove,4,3,5,2,17,3,1,0,
2. Disapprove,2,3,5,2,16,3,1,0,
4. Strongly approve,1,,4,1,,,1,1,
1. Strongly disapprove,1,,3,-3,12,,1,1,
1. Strongly disapprove,4,3,5,-2,12,3,1,0,Clinton
3. Approve,4,0,3,1,17,6,1,0,Perot
4. Strongly approve,1,0,3,3,17,6,1,0,Bush
3. Approve,3,0,5,3,16,6,1,0,Bush
2. Disapprove,3,1,5,-3,13,6,0,0,Clinton
2. Disapprove,3,2,4,-2,17,3,1,0,Clinton
2. Disapprove,3,,5,0,14,,,0,
3. Approve,3,1,3,3,9,3,1,0,Bush
1. Strongly disapprove,3,3,4,-3,16,3,0,0,Clinton
2. Disapprove,3,3,4,1,12,6,0,0,Perot
3. Approve,4,1,4,3,17,7,1,0,Bush
3. Approve,2,1,3,1,17,5,1,0,Bush
3. Approve,2,0,3,-2,12,2,1,0,Clinton
1. Strongly disapprove,2,3,5,-2,10,6,1,0,Perot
1. Strongly disapprove,2,4,3,-1,17,2,1,0,Perot
3. Approve,3,3,4,1,16,3,,0,
3. Approve,2,2,3,2,16,6,1,0,Bush
,4,,,,12,,0,0,
2. Disapprove,3,,3,2,11,,1,1,
2. Disapprove,3,,4,-1,9,,1,0,Clinton
2. Disapprove,3,5,4,-3,12,2,0,1,Clinton
3. Approve,3,0,3,1,14,5,1,0,Bush
2. Disapprove,3,0,5,0,13,6,0,0,
1. Strongly disapprove,4,4,5,-1,13,6,0,1,Clinton
1. Strongly disapprove,4,3,5,0,15,4,0,1,
4. Strongly approve,3,,,2,11,,0,0,Bush
3. Approve,4,2,4,-2,15,5,0,0,Clinton
1. Strongly disapprove,4,5,5,-3,14,1,0,0,Clinton
3. Approve,3,3,5,-2,12,6,0,0,Perot
4. Strongly approve,3,,4,1,14,4,1,0,Bush
2. Disapprove,2,1,4,1,13,3,0,0,Bush
1. Strongly disapprove,3,,4,-2,11,6,1,0,Bush
3. Approve,4,,5,-3,8,,1,0,Clinton
2. Disapprove,4,4,4,-1,16,2,0,0,Clinton
3. Approve,3,1,4,2,16,5,1,0,Bush
3. Approve,3,1,4,-1,12,5,0,0,
1. Strongly disapprove,,0,5,-2,12,4,,0,Clinton
1. Strongly disapprove,3,,5,-3,12,,0,0,Clinton
3. Approve,2,2,5,-3,16,3,1,0,Clinton
2. Disapprove,3,1,5,1,17,5,1,0,Clinton
1. Strongly disapprove,2,4,5,-3,17,2,0,0,Clinton
1. Strongly disapprove,3,,4,-1,14,,1,0,Perot
1. Strongly disapprove,3,2,4,3,16,6,1,0,Perot
1. Strongly disapprove,2,,5,-2,17,,1,1,Clinton
4. Strongly approve,2,1,2,3,16,7,1,0,Bush
1. Strongly disapprove,3,4,4,-2,16,2,0,1,Clinton
4. Strongly approve,2,1,3,-2,15,5,1,0,Bush
3. Approve,1,0,4,3,14,5,1,0,Bush
3. Approve,3,1,3,2,17,5,1,0,Bush
2. Disapprove,4,4,4,-1,14,2,0,0,Clinton
1. Strongly disapprove,3,1,3,-2,7,5,1,0,Clinton
3. Approve,3,4,5,-2,17,2,0,0,Clinton
3. Approve,2,1,5,1,14,6,1,0,Bush
4. Strongly approve,2,,4,2,13,5,1,0,Bush
3. Approve,4,1,5,2,17,5,1,0,Perot
3. Approve,4,1,3,2,16,5,1,0,Bush
1. Strongly disapprove,3,,5,-3,14,,0,1,Clinton
1. Strongly disapprove,4,4,5,-1,16,6,0,0,Perot
1. Strongly disapprove,3,,4,-2,9,,0,0,
2. Disapprove,4,,3,-2,16,,0,0,Perot
1. Strongly disapprove,4,4,5,-1,17,2,0,0,Clinton
2. Disapprove,4,2,4,-1,14,3,1,0,Perot
3. Approve,2,2,5,2,14,6,0,0,
2. Disapprove,2,3,4,-2,16,3,1,0,Clinton
3. Approve,2,,,1,14,,1,0,Bush
1. Strongly disapprove,3,4,5,-3,14,2,0,0,Clinton
3. Approve,4,2,4,1,12,3,0,0,Clinton
3. Approve,2,2,3,3,16,7,1,0,Bush
2. Disapprove,2,1,5,1,10,6,1,0,
4. Strongly approve,3,2,2,3,12,6,1,0,Bush
1. Strongly disapprove,4,2,4,0,13,5,1,0,Perot
3. Approve,3,1,4,1,12,7,1,0,Perot
4. Strongly approve,2,2,3,3,12,6,,0,
3. Approve,3,,3,2,8,,1,0,
3. Approve,4,0,3,2,15,6,1,0,Bush
1. Strongly disapprove,3,5,5,0,17,2,0,1,Clinton
2. Disapprove,1,,4,-2,10,,1,0,
3. Approve,3,1,2,2,17,5,1,0,Bush
1. Strongly disapprove,3,2,5,1,17,5,0,0,Perot
1. Strongly disapprove,3,1,5,2,12,6,0,0,Bush
3. Approve,3,1,3,3,17,5,1,0,Bush
2. Disapprove,4,,4,2,17,,1,0,
3. Approve,3,0,4,3,16,6,1,0,Bush
3. Approve,3,1,4,2,16,6,1,0,Bush
4. Strongly approve,2,1,4,3,12,5,1,1,
3. Approve,3,1,3,2,14,5,1,0,Bush
2. Disapprove,3,3,5,-2,12,3,1,0,Clinton
1. Strongly disapprove,4,5,5,-1,14,1,0,0,Clinton
1. Strongly disapprove,3,1,5,-1,14,6,0,0,
4. Strongly approve,2,0,3,3,16,5,1,0,Bush
2. Disapprove,3,0,5,-2,12,6,1,1,Clinton
3. Approve,3,0,4,-2,12,6,1,0,Clinton
2. Disapprove,1,,4,3,14,,0,0,Bush
1. Strongly disapprove,3,4,5,-1,16,2,0,0,Clinton
,,,5,,13,,,1,
3. Approve,4,1,2,3,15,6,1,0,Bush
4. Strongly approve,3,,3,-2,9,,0,0,
1. Strongly disapprove,3,,5,-3,12,,0,1,Clinton
3. Approve,3,1,3,2,14,6,1,0,Bush
1. Strongly disapprove,5,2,4,1,16,5,0,0,Perot
3. Approve,4,0,4,-2,14,6,1,0,Clinton
3. Approve,2,1,4,3,14,6,1,0,Bush
2. Disapprove,3,1,4,-2,17,5,1,0,Clinton
3. Approve,3,1,3,2,15,5,1,0,Perot
1. Strongly disapprove,4,4,3,-2,16,2,0,0,Clinton
4. Strongly approve,3,1,5,3,12,6,1,0,Bush
4. Strongly approve,3,0,4,1,11,6,1,0,Bush
2. Disapprove,3,3,4,-3,14,5,0,1,Clinton
3. Approve,3,2,3,1,12,6,0,0,Bush
2. Disapprove,3,,4,-1,13,,0,0,
2. Disapprove,3,,4,0,12,,1,0,
1. Strongly disapprove,3,2,5,-3,12,6,0,0,Clinton
1. Strongly disapprove,5,,5,-1,15,,0,1,Clinton
1. Strongly disapprove,2,,4,-3,16,,0,1,Clinton
4. Strongly approve,3,0,4,2,16,5,1,0,Bush
3. Approve,2,1,5,2,10,5,1,0,Bush
,4,5,5,-1,13,6,0,1,Clinton
1. Strongly disapprove,3,4,3,-1,14,6,0,1,Clinton
3. Approve,3,3,4,2,12,6,1,0,Clinton
3. Approve,3,0,4,0,16,6,0,0,Perot
1. Strongly disapprove,5,1,5,-1,12,3,0,0,Clinton
2. Disapprove,3,0,4,3,17,2,1,0,Bush
1. Strongly disapprove,4,,5,-2,12,4,0,0,Clinton
3. Approve,4,2,4,2,15,4,1,0,Clinton
4. Strongly approve,3,1,4,1,15,7,1,0,Bush
3. Approve,3,1,4,-2,12,5,0,1,Clinton
1. Strongly disapprove,3,3,5,-1,12,5,1,0,
2. Disapprove,3,1,2,1,14,5,1,0,Perot
3. Approve,2,,5,-2,10,6,0,0,
2. Disapprove,3,3,4,-2,16,3,0,0,Clinton
4. Strongly approve,2,1,3,3,13,6,1,0,Bush
4. Strongly approve,2,0,3,3,14,6,1,0,Bush
1. Strongly disapprove,4,,4,-1,15,,0,0,Perot
4. Strongly approve,2,1,4,3,10,5,0,0,Bush
2. Disapprove,3,4,5,0,15,2,,0,Bush
3. Approve,3,,3,-3,12,,1,0,
4. Strongly approve,1,,3,-1,7,,1,0,
4. Strongly approve,3,,3,3,12,,1,0,Bush
1. Strongly disapprove,3,1,5,0,12,6,1,0,Perot
3. Approve,2,1,3,1,,5,1,1,Bush
1. Strongly disapprove,3,,5,-3,15,,0,1,Clinton
3. Approve,4,0,4,2,14,5,1,0,
3. Approve,3,,4,0,12,2,0,1,Clinton
2. Disapprove,3,,5,-1,14,,1,0,Clinton
3. Approve,5,4,3,-1,17,2,0,0,Clinton
3. Approve,3,2,3,1,16,3,1,0,Bush
1. Strongly disapprove,4,4,3,-2,17,2,0,0,Clinton
2. Disapprove,2,3,3,-2,12,6,1,0,
2. Disapprove,2,1,4,2,13,5,0,0,Clinton
4. Strongly approve,3,,3,3,12,,1,0,Bush
2. Disapprove,3,4,5,-2,14,2,0,0,Clinton
3. Approve,3,0,3,2,14,5,1,0,Bush
3. Approve,3,,5,1,14,,1,0,Bush
2. Disapprove,3,,3,-1,12,,1,0,Perot
1. Strongly disapprove,4,2,4,3,17,7,1,0,Clinton
2. Disapprove,2,,4,-2,14,,1,0,
3. Approve,2,4,4,1,15,6,1,0,
1. Strongly disapprove,3,,3,-2,12,,0,0,Clinton
4. Strongly approve,3,1,5,2,12,2,1,0,Bush
3. Approve,3,,4,-2,12,,0,1,Clinton
3. Approve,3,0,3,-1,13,3,0,0,
3. Approve,2,0,5,-2,12,5,1,0,Bush
3. Approve,3,0,5,1,13,6,0,0,
1. Strongly disapprove,4,4,3,-2,17,2,0,0,Clinton
4. Strongly approve,2,1,3,1,17,6,1,0,Bush
2. Disapprove,3,5,5,-2,14,2,0,1,Clinton
2. Disapprove,3,2,4,-1,13,4,1,0,Perot
1. Strongly disapprove,3,3,5,1,17,3,,0,Clinton
2. Disapprove,3,1,3,1,16,5,1,0,Perot
3. Approve,1,0,2,3,16,3,1,0,Bush
2. Disapprove,3,5,4,-1,12,2,1,0,
2. Disapprove,3,1,3,2,17,5,1,0,Perot
3. Approve,3,1,3,0,15,5,1,0,
2. Disapprove,3,1,4,0,12,6,0,0,Perot
3. Approve,4,1,3,2,12,5,1,0,Bush
1. Strongly disapprove,3,,5,-1,12,,0,0,Perot
3. Approve,1,1,4,3,17,5,1,0,Bush
1. Strongly disapprove,4,2,,0,12,3,1,0,Perot
2. Disapprove,4,4,5,-3,12,2,0,1,
,3,,4,-1,12,,0,0,
1. Strongly disapprove,3,,3,-3,13,,1,0,Clinton
3. Approve,3,1,2,0,14,4,1,0,
3. Approve,2,,3,1,16,,1,0,Bush
1. Strongly disapprove,3,3,5,-2,12,5,0,0,Clinton
1. Strongly disapprove,3,4,3,-3,17,2,1,0,Clinton
1. Strongly disapprove,3,,3,-3,12,,0,1,Clinton
1. Strongly disapprove,,,1,-3,2,,0,1,Clinton
3. Approve,3,1,2,2,13,5,1,0,Perot
1. Strongly disapprove,3,3,5,0,16,2,,0,Clinton
2. Disapprove,5,2,4,0,17,3,0,0,
,,,,1,16,,,1,Bush
4. Strongly approve,2,1,3,3,8,4,1,0,Bush
1. Strongly disapprove,3,,5,-3,16,,1,1,Clinton
1. Strongly disapprove,3,2,5,-2,13,2,0,0,Clinton
1. Strongly disapprove,3,4,3,-3,17,2,1,0,Clinton
3. Approve,3,,4,2,12,,0,0,
1. Strongly disapprove,3,1,4,-3,13,5,0,0,Clinton
3. Approve,3,1,4,1,14,5,0,0,Bush
1. Strongly disapprove,3,2,5,0,12,4,1,0,Perot
1. Strongly disapprove,1,1,5,0,16,5,0,0,Perot
3. Approve,3,0,2,1,14,5,1,0,Bush
4. Strongly approve,4,0,4,1,16,6,0,0,Bush
2. Disapprove,3,4,5,-1,12,3,0,0,Perot
3. Approve,1,3,5,2,12,4,1,0,
3. Approve,3,4,4,3,16,2,0,0,Perot
3. Approve,3,4,3,-2,16,2,0,0,Clinton
2. Disapprove,4,,4,0,13,,1,0,Perot
1. Strongly disapprove,3,1,5,-1,12,6,1,0,Clinton
3. Approve,3,0,2,2,10,4,1,0,Bush
1. Strongly disapprove,3,4,4,-2,17,2,,0,Clinton
,4,0,5,0,12,6,1,1,
3. Approve,2,0,4,3,14,6,1,0,Bush
3. Approve,4,0,4,2,12,5,1,0,Bush
2. Disapprove,2,,3,0,13,,1,0,Clinton
4. Strongly approve,3,1,2,-2,16,5,1,0,Bush
1. Strongly disapprove,4,2,5,-1,17,4,0,0,Clinton
2. Disapprove,3,,5,-2,14,,0,0,Clinton
3. Approve,3,2,3,3,16,4,1,0,Bush
1. Strongly disapprove,2,4,5,1,16,2,1,1,Bush
2. Disapprove,2,3,3,-1,16,3,1,0,Perot
3. Approve,3,,3,-2,14,,1,1,Clinton
4. Strongly approve,3,1,4,2,17,5,1,0,Bush
1. Strongly disapprove,4,3,3,-1,17,3,0,0,Clinton
3. Approve,3,,3,,8,,0,0,Clinton
2. Disapprove,3,4,4,-1,17,2,0,0,Clinton
1. Strongly disapprove,3,4,5,-1,16,2,1,0,Clinton
1. Strongly disapprove,1,,5,-3,4,,1,0,
3. Approve,3,2,4,2,12,6,0,0,Bush
3. Approve,3,1,3,3,13,2,1,0,Bush
1. Strongly disapprove,3,4,5,-1,17,2,1,0,Clinton
3. Approve,3,1,4,1,17,5,1,0,Bush
1. Strongly disapprove,2,4,5,-1,17,2,0,0,Clinton
4. Strongly approve,1,2,3,1,12,6,1,0,Perot
3. Approve,3,1,2,3,16,5,,0,Bush
4. Strongly approve,3,,4,0,12,,1,0,Bush
3. Approve,1,2,3,0,11,2,0,0,
3. Approve,3,,5,-1,12,,1,0,Perot
2. Disapprove,3,3,3,-2,13,2,0,1,Perot
1. Strongly disapprove,3,,5,1,16,,1,0,Perot
1. Strongly disapprove,3,1,4,0,16,5,1,1,
2. Disapprove,2,,5,-1,12,,0,0,Clinton
2. Disapprove,3,2,4,0,12,4,1,0,Perot
3. Approve,3,2,5,-1,14,3,0,0,Clinton
1. Strongly disapprove,4,4,4,-2,17,2,0,0,Clinton
2. Disapprove,3,1,5,1,15,5,0,1,Bush
3. Approve,3,,4,-3,12,,1,0,Clinton
1. Strongly disapprove,3,,5,-2,12,,0,1,Perot
2. Disapprove,5,4,3,-3,16,2,0,0,
1. Strongly disapprove,4,4,3,-1,16,2,1,0,Clinton
2. Disapprove,3,,4,-2,12,,1,0,Clinton
2. Disapprove,3,4,5,-1,16,2,1,0,Perot
2. Disapprove,2,,5,0,12,,1,1,Bush
,4,3,3,0,12,6,1,0,Bush
1. Strongly disapprove,1,,5,0,12,3,0,1,
4. Strongly approve,2,1,3,3,16,6,1,0,Bush
2. Disapprove,3,,4,0,,,0,1,Perot
1. Strongly disapprove,3,3,5,-2,10,7,0,0,Perot
3. Approve,3,0,4,2,12,6,1,1,Bush
1. Strongly disapprove,3,2,4,-3,12,4,0,0,Clinton
3. Approve,3,,3,-2,13,6,0,0,Bush
1. Strongly disapprove,5,3,5,0,10,3,0,0,
,3,,4,-1,12,6,1,0,
3. Approve,3,1,3,2,14,5,1,0,Perot
3. Approve,4,,5,,12,,0,0,
3. Approve,2,1,5,1,10,4,1,0,
4. Strongly approve,4,0,4,3,13,7,0,0,Bush
1. Strongly disapprove,3,1,5,-3,12,6,0,0,Bush
1. Strongly disapprove,2,2,5,1,16,3,1,0,Perot
2. Disapprove,4,1,4,-3,9,6,1,0,Clinton
2. Disapprove,3,1,4,2,17,5,1,0,Perot
4. Strongly approve,2,4,4,1,17,2,1,0,Bush
4. Strongly approve,3,0,3,3,12,5,1,0,Bush
3. Approve,2,,4,1,17,,1,1,Bush
1. Strongly disapprove,4,2,5,2,13,5,0,0,Clinton
3. Approve,4,1,3,1,14,5,1,0,Perot
1. Strongly disapprove,3,,5,-2,12,,0,1,
1. Strongly disapprove,3,,5,-3,12,,0,0,Clinton
4. Strongly approve,3,0,3,1,15,6,1,0,Perot
3. Approve,3,1,5,0,14,5,,0,
2. Disapprove,4,3,3,0,17,3,1,0,Clinton
3. Approve,3,3,5,1,14,3,1,0,Perot
1. Strongly disapprove,1,1,2,-2,14,5,0,0,Perot
3. Approve,2,1,5,2,13,5,1,0,Perot
1. Strongly disapprove,3,4,5,-2,13,2,0,0,Clinton
3. Approve,1,,3,-2,16,,1,0,Clinton
1. Strongly disapprove,4,3,5,-2,17,3,0,0,Clinton
1. Strongly disapprove,4,3,5,-3,12,2,0,0,Clinton
4. Strongly approve,3,1,4,1,17,6,1,0,Bush
2. Disapprove,3,2,4,0,13,4,1,0,Clinton
3. Approve,1,3,3,3,16,7,1,0,Bush
4. Strongly approve,3,0,3,3,16,6,1,0,Bush
1. Strongly disapprove,3,2,5,2,17,6,0,1,Clinton
4. Strongly approve,3,4,4,1,13,2,0,0,
4. Strongly approve,3,0,4,3,16,6,1,0,Bush
4. Strongly approve,3,0,2,3,12,6,0,0,
3. Approve,3,2,4,-2,12,6,0,0,Clinton
2. Disapprove,4,1,5,2,14,5,0,0,Bush
1. Strongly disapprove,3,4,5,-3,17,2,0,0,Clinton
1. Strongly disapprove,3,3,3,2,14,6,1,1,Perot
3. Approve,3,1,4,2,17,5,1,0,Bush
3. Approve,3,0,5,3,17,5,1,0,Bush
3. Approve,2,2,4,2,16,5,1,0,Bush
,3,1,4,-1,14,5,1,0,
3. Approve,3,,3,1,12,,1,0,Clinton
4. Strongly approve,2,0,4,3,14,6,1,0,Bush
3. Approve,3,4,4,1,12,2,1,0,Clinton
1. Strongly disapprove,4,5,5,-1,16,2,,0,Clinton
2. Disapprove,5,1,5,3,16,6,0,0,
2. Disapprove,4,4,4,-1,15,2,0,0,Clinton
1. Strongly disapprove,4,1,5,3,12,6,0,0,Perot
3. Approve,4,0,4,2,17,5,0,0,Bush
1. Strongly disapprove,2,1,3,-1,16,5,0,0,
1. Strongly disapprove,4,4,5,-2,16,2,0,0,Clinton
1. Strongly disapprove,3,4,5,-3,17,2,0,1,Clinton
2. Disapprove,3,2,3,0,15,3,1,1,
3. Approve,3,,4,-2,14,6,1,0,Clinton
2. Disapprove,3,1,5,-2,15,3,0,0,Perot
1. Strongly disapprove,4,2,5,2,12,6,1,0,Clinton
3. Approve,2,4,5,2,16,2,1,0,Bush
1. Strongly disapprove,3,1,3,3,15,5,1,0,Perot
1. Strongly disapprove,5,1,5,0,17,6,0,1,Clinton
4. Strongly approve,2,1,5,3,16,7,1,0,Bush
2. Disapprove,3,3,3,-1,12,2,1,0,Perot
4. Strongly approve,2,1,2,1,12,2,1,0,
1. Strongly disapprove,3,0,4,-3,11,5,0,0,Clinton
4. Strongly approve,3,0,2,1,14,6,1,0,Bush
2. Disapprove,3,4,4,-2,17,2,0,0,Clinton
1. Strongly disapprove,4,4,4,-2,17,2,1,0,Clinton
1. Strongly disapprove,3,4,5,-3,17,2,0,0,Clinton
1. Strongly disapprove,3,,5,1,12,,1,0,
2. Disapprove,2,1,4,2,14,6,1,0,Bush
2. Disapprove,4,2,5,0,12,4,0,1,Clinton
4. Strongly approve,1,0,2,3,17,6,1,0,Bush
1. Strongly disapprove,4,4,5,-3,16,2,1,0,Clinton
1. Strongly disapprove,2,,4,,11,,0,0,
2. Disapprove,3,5,5,-2,9,6,0,1,
2. Disapprove,3,,3,-1,12,,0,0,Clinton
1. Strongly disapprove,3,3,5,-2,13,3,1,0,Clinton
4. Strongly approve,2,1,4,3,12,5,1,0,Bush
4. Strongly approve,3,,4,1,9,,1,0,
2. Disapprove,3,5,3,-2,17,2,0,1,
3. Approve,4,4,3,0,15,2,1,0,Perot
2. Disapprove,1,4,4,-3,12,2,1,0,Clinton
3. Approve,1,,3,-2,12,,1,0,Bush
1. Strongly disapprove,3,,4,-3,14,,0,1,Clinton
4. Strongly approve,1,,3,-2,12,,1,0,Bush
2. Disapprove,4,3,3,0,16,3,1,0,
4. Strongly approve,2,1,4,2,15,5,1,0,Bush
1. Strongly disapprove,3,5,4,-1,13,2,0,0,Perot
1. Strongly disapprove,4,4,3,-1,16,2,0,0,Clinton
3. Approve,4,,3,0,12,5,1,0,Bush
1. Strongly disapprove,3,2,4,-2,15,3,1,0,Clinton
1. Strongly disapprove,3,,5,-3,12,,1,1,Clinton
1. Strongly disapprove,3,,4,2,14,,1,0,Bush
2. Disapprove,3,,3,0,13,,1,0,Perot
1. Strongly disapprove,3,5,5,-1,13,2,1,0,Clinton
1. Strongly disapprove,2,,3,-3,12,2,0,0,Clinton
1. Strongly disapprove,3,3,5,1,14,2,1,0,Clinton
1. Strongly disapprove,4,,5,2,12,6,1,0,
3. Approve,3,3,3,-3,13,3,0,0,Clinton
2. Disapprove,3,2,4,-2,14,6,0,0,
4. Strongly approve,2,0,2,2,17,6,1,0,Bush
3. Approve,3,1,3,2,13,5,1,0,Bush
4. Strongly approve,3,,3,3,16,,1,0,Bush
1. Strongly disapprove,4,1,5,1,17,5,0,0,Perot
1. Strongly disapprove,3,,5,-2,14,,0,0,Clinton
2. Disapprove,3,0,4,0,14,4,1,0,Perot
3. Approve,2,3,5,0,12,6,1,0,
3. Approve,2,0,2,2,14,5,1,0,Bush
3. Approve,3,0,2,-2,17,6,1,0,Bush
3. Approve,3,,4,1,12,,0,0,Bush
2. Disapprove,4,3,4,-1,17,3,0,0,Clinton
3. Approve,3,,4,-3,13,,1,0,Clinton
2. Disapprove,2,1,4,2,13,5,0,0,Bush
1. Strongly disapprove,4,3,5,-2,16,2,0,0,Clinton
2. Disapprove,4,3,3,0,14,6,0,0,Perot
1. Strongly disapprove,3,,4,0,8,,0,0,
2. Disapprove,3,2,4,-1,12,3,0,0,Perot
1. Strongly disapprove,3,4,4,-2,16,2,1,0,Clinton
3. Approve,3,3,4,-2,14,6,1,0,Clinton
1. Strongly disapprove,3,5,5,-2,17,2,1,0,Clinton
4. Strongly approve,3,1,3,3,16,6,1,0,Bush
2. Disapprove,3,2,5,0,15,4,1,0,Bush
2. Disapprove,2,3,4,-3,12,2,1,0,Clinton
4. Strongly approve,1,2,5,-2,12,4,0,0,Clinton
1. Strongly disapprove,3,5,4,-3,6,2,1,1,Clinton
1. Strongly disapprove,2,4,5,-2,17,2,0,0,Clinton
4. Strongly approve,3,3,4,-3,16,3,0,0,Clinton
1. Strongly disapprove,4,0,4,-3,17,5,1,0,Clinton
2. Disapprove,3,5,5,-1,12,2,1,0,Clinton
1. Strongly disapprove,3,3,5,-2,17,2,0,0,Clinton
3. Approve,3,1,4,3,16,6,1,0,Bush
3. Approve,3,3,5,1,12,7,1,0,Bush
3. Approve,3,1,3,2,14,6,1,0,Bush
4. Strongly approve,2,0,5,1,14,6,1,0,Bush
3. Approve,3,3,3,-1,12,3,1,0,Clinton
3. Approve,2,3,4,-2,16,6,1,1,Clinton
1. Strongly disapprove,3,1,5,0,16,6,0,1,Clinton
2. Disapprove,3,1,4,-2,17,5,1,0,Bush
2. Disapprove,4,5,5,-1,,2,1,0,
,3,2,4,0,14,2,1,0,
1. Strongly disapprove,3,2,5,-3,13,5,0,1,
1. Strongly disapprove,2,1,5,-2,14,5,1,0,
4. Strongly approve,1,2,5,3,14,6,1,0,Bush
1. Strongly disapprove,3,4,5,-2,12,2,0,0,
4. Strongly approve,3,4,3,1,12,2,1,0,
1. Strongly disapprove,3,1,3,0,12,6,1,0,Perot
4. Strongly approve,2,1,4,-2,11,6,1,0,
,3,0,4,1,15,6,1,0,Bush
2. Disapprove,3,4,5,-2,17,2,1,0,
2. Disapprove,4,1,4,-1,12,5,,0,
,2,,5,0,9,,1,1,
1. Strongly disapprove,4,5,5,-1,17,1,0,0,Clinton
2. Disapprove,4,1,3,2,17,5,1,0,Bush
3. Approve,3,1,4,3,14,6,1,0,Perot
3. Approve,,,,,12,,,0,
1. Strongly disapprove,3,3,4,-2,16,3,0,1,Clinton
2. Disapprove,3,,3,-1,11,,0,1,Clinton
4. Strongly approve,4,1,3,1,17,6,1,0,Bush
1. Strongly disapprove,4,1,5,-1,12,5,1,0,Perot
1. Strongly disapprove,4,3,3,-1,17,3,0,0,Clinton
2. Disapprove,2,,4,1,17,,1,0,Bush
3. Approve,4,1,3,3,12,6,1,0,Perot
1. Strongly disapprove,2,1,5,-3,12,5,1,0,Clinton
4. Strongly approve,3,,2,-2,10,,,0,Bush
4. Strongly approve,2,1,4,1,17,6,1,0,Bush
3. Approve,4,2,5,2,16,3,,0,Perot
3. Approve,3,1,3,3,17,5,1,0,Bush
3. Approve,3,1,2,3,16,6,1,0,Bush
4. Strongly approve,3,,4,1,14,,1,0,
2. Disapprove,4,2,3,1,12,6,1,0,Perot
1. Strongly disapprove,3,4,4,-3,14,2,0,0,Clinton
1. Strongly disapprove,4,,5,-1,14,,0,1,Clinton
1. Strongly disapprove,3,0,5,-3,12,2,0,0,Clinton
4. Strongly approve,3,1,4,3,17,5,0,0,Bush
1. Strongly disapprove,3,4,5,-3,13,2,0,0,Clinton
,3,,4,1,12,3,1,0,Bush
1. Strongly disapprove,3,,5,-3,5,,0,1,Clinton
1. Strongly disapprove,4,4,5,-2,16,2,0,0,Clinton
2. Disapprove,3,3,5,-2,15,1,0,1,Clinton
,4,2,2,2,15,4,1,0,Bush
4. Strongly approve,3,1,3,2,14,6,,0,Bush
3. Approve,2,3,5,-3,14,2,1,0,Clinton
4. Strongly approve,3,,3,-2,9,,0,0,
4. Strongly approve,4,0,4,3,16,5,1,0,Bush
2. Disapprove,3,1,5,2,16,4,1,0,
2. Disapprove,3,4,4,-1,12,3,1,0,
2. Disapprove,3,2,4,0,17,3,1,0,Bush
4. Strongly approve,3,1,3,2,15,5,1,0,Bush
3. Approve,3,4,4,-1,15,2,0,0,Clinton
3. Approve,3,5,5,-1,12,6,0,1,Bush
2. Disapprove,3,1,5,0,17,5,1,0,Clinton
1. Strongly disapprove,3,4,3,-2,17,2,0,0,Clinton
2. Disapprove,3,,4,-3,12,,0,1,Clinton
1. Strongly disapprove,3,5,3,-1,8,2,1,0,
1. Strongly disapprove,4,6,3,0,17,7,0,1,Clinton
1. Strongly disapprove,4,5,5,-3,6,2,0,0,
1. Strongly disapprove,2,2,5,-1,12,1,,1,Clinton
1. Strongly disapprove,4,,4,0,12,,1,0,Perot
1. Strongly disapprove,3,4,5,-1,13,3,1,0,Clinton
,3,,3,-2,12,,0,0,Clinton
1. Strongly disapprove,3,5,5,-2,12,1,1,0,Perot
3. Approve,1,,5,2,13,,1,0,Perot
3. Approve,3,2,3,3,12,6,1,0,Perot
3. Approve,3,,4,-2,12,,1,0,
4. Strongly approve,3,0,5,0,16,5,1,0,Bush
3. Approve,2,1,4,2,16,7,,0,Perot
1. Strongly disapprove,4,6,5,-3,13,1,0,0,Clinton
4. Strongly approve,3,1,4,1,16,6,1,0,Bush
3. Approve,3,1,5,3,16,5,1,0,Perot
2. Disapprove,3,3,5,-2,17,3,1,0,Perot
1. Strongly disapprove,3,5,5,-1,14,2,,0,Perot
,3,5,5,-2,12,7,,0,Bush
1. Strongly disapprove,5,4,5,-3,9,2,0,1,
